filename,shape,sampling_rate,duration_sec,split,speaker_id,chapter_id,id,text,device,distance
./dataset/3_6930_81414_0023.wav,"(234480,)",48000,4.885,test.clean,6930,81414,6930_81414_0023,PERCHANCE TOO KAFFAR'S DEATH MIGHT SERVE HIM IN GOOD STEAD,3,0.3
./dataset/3_6930_75918_0018.wav,"(518880,)",48000,10.81,test.clean,6930,75918,6930_75918_0018,THE NIGHT WAS CLEAR STARLIT AND SPLENDID THE TEMPEST HAD PASSED AWAY AND THE SWEET INFLUENCES OF THE EVENING HAD RESTORED LIFE PEACE AND SECURITY EVERYWHERE,3,0.3
./dataset/3_5639_40744_0000.wav,"(756960,)",48000,15.77,test.clean,5639,40744,5639_40744_0000,ELEVEN O'CLOCK HAD STRUCK IT WAS A FINE CLEAR NIGHT THEY WERE THE ONLY PERSONS ON THE ROAD AND THEY SAUNTERED LEISURELY ALONG TO AVOID PAYING THE PRICE OF FATIGUE FOR THE RECREATION PROVIDED FOR THE TOLEDANS IN THEIR VALLEY OR ON THE BANKS OF THEIR RIVER,3,0.3
./dataset/3_5639_40744_0009.wav,"(114000,)",48000,2.375,test.clean,5639,40744,5639_40744_0009,MOTHER DEAR FATHER DO YOU HEAR ME,3,0.3
./dataset/3_6930_76324_0007.wav,"(135360,)",48000,2.82,test.clean,6930,76324,6930_76324_0007,NOW WHAT HAVE YOU TO SAY CYNTHIA SPRAGUE,3,0.3
./dataset/3_6930_76324_0006.wav,"(213840,)",48000,4.455,test.clean,6930,76324,6930_76324_0006,HERS HAPPENED TO BE IN THE SAME FRAME TOO BUT SHE EVIDENTLY DIDN'T CARE ABOUT THAT,3,0.3
./dataset/3_6930_76324_0019.wav,"(123600,)",48000,2.575,test.clean,6930,76324,6930_76324_0019,NOW LET'S DUST THE FURNITURE AND PICTURES,3,0.3
./dataset/3_260_123440_0013.wav,"(166800,)",48000,3.475,test.clean,260,123440,260_123440_0013,I AM SO VERY TIRED OF BEING ALL ALONE HERE,3,0.3
./dataset/3_1320_122617_0033.wav,"(530160,)",48000,11.045,test.clean,1320,122617,1320_122617_0033,IF HOWEVER THEY TAKE YOUR SCALP AS I TRUST AND BELIEVE THEY WILL NOT DEPEND ON IT UNCAS AND I WILL NOT FORGET THE DEED BUT REVENGE IT AS BECOMES TRUE WARRIORS AND TRUSTY FRIENDS,3,0.3
./dataset/3_5639_40744_0026.wav,"(696000,)",48000,14.5,test.clean,5639,40744,5639_40744_0026,LUIS WAS OUT OF DANGER IN A FORTNIGHT IN A MONTH HE ROSE FROM HIS BED AND DURING ALL THAT TIME HE WAS VISITED DAILY BY HIS MOTHER AND GRANDMOTHER AND TREATED BY THE MASTER AND MISTRESS OF THE HOUSE AS IF HE WAS THEIR OWN CHILD,3,0.3
./dataset/3_5639_40744_0029.wav,"(350640,)",48000,7.305,test.clean,5639,40744,5639_40744_0029,THIS TRUTH WHICH I HAVE LEARNED FROM HER LIPS IS CONFIRMED BY HIS FACE IN WHICH WE HAVE BOTH BEHELD THAT OF OUR SON,3,0.3
./dataset/3_5639_40744_0041.wav,"(825600,)",48000,17.2,test.clean,5639,40744,5639_40744_0041,NOR WAS RODOLFO LESS SURPRISED THAN THEY AND THE BETTER TO ASSURE HIMSELF OF SO WONDERFUL A FACT HE BEGGED LEOCADIA TO GIVE HIM SOME TOKEN WHICH SHOULD MAKE PERFECTLY CLEAR TO HIM THAT WHICH INDEED HE DID NOT DOUBT SINCE IT WAS AUTHENTICATED BY HIS PARENTS,3,0.3
./dataset/3_260_123440_0020.wav,"(239760,)",48000,4.995,test.clean,260,123440,260_123440_0020,WE WON'T TALK ABOUT HER ANY MORE IF YOU'D RATHER NOT WE INDEED,3,0.3
./dataset/3_1320_122617_0007.wav,"(889199,)",48000,18.525,test.clean,1320,122617,1320_122617_0007,COME COME RETURNED HAWKEYE UNCASING HIS HONEST COUNTENANCE THE BETTER TO ASSURE THE WAVERING CONFIDENCE OF HIS COMPANION YOU MAY SEE A SKIN WHICH IF IT BE NOT AS WHITE AS ONE OF THE GENTLE ONES HAS NO TINGE OF RED TO IT THAT THE WINDS OF THE HEAVEN AND THE SUN HAVE NOT BESTOWED NOW LET US TO BUSINESS,3,0.3
./dataset/3_6930_76324_0010.wav,"(129120,)",48000,2.69,test.clean,6930,76324,6930_76324_0010,WHAT IN THE WORLD IS THAT QUERIED JOYCE,3,0.3
./dataset/3_1320_122617_0027.wav,"(273117,)",48000,5.6899,test.clean,1320,122617,1320_122617_0027,AS SOON AS THESE DISPOSITIONS WERE MADE THE SCOUT TURNED TO DAVID AND GAVE HIM HIS PARTING INSTRUCTIONS,3,0.3
./dataset/3_1320_122612_0001.wav,"(456960,)",48000,9.52,test.clean,1320,122612,1320_122612_0001,THE DEWS WERE SUFFERED TO EXHALE AND THE SUN HAD DISPERSED THE MISTS AND WAS SHEDDING A STRONG AND CLEAR LIGHT IN THE FOREST WHEN THE TRAVELERS RESUMED THEIR JOURNEY,3,0.3
./dataset/3_260_123440_0001.wav,"(83520,)",48000,1.74,test.clean,260,123440,260_123440_0001,POOR ALICE,3,0.3
./dataset/3_6930_75918_0010.wav,"(145680,)",48000,3.035,test.clean,6930,75918,6930_75918_0010,I CAN PERCEIVE LOVE CLEARLY ENOUGH,3,0.3
./dataset/3_1320_122612_0004.wav,"(308400,)",48000,6.425,test.clean,1320,122612,1320_122612_0004,DISTRUSTING HIS OWN JUDGMENT HIS APPEALS TO THE OPINION OF CHINGACHGOOK WERE FREQUENT AND EARNEST,3,0.3
./dataset/3_7902_96592_0009.wav,"(235680,)",48000,4.91,test.other,7902,96592,7902_96592_0009,THERE WAS AN INTERVAL OF THINKING OVER THIS KNOTTY QUESTION DURING WHICH THE LOW WHISTLING WENT ON,3,0.3
./dataset/3_7902_96591_0021.wav,"(142080,)",48000,2.96,test.other,7902,96591,7902_96591_0021,A NARROW TABLE AGAINST THE WALL IN TWO PLACES,3,0.3
./dataset/3_7902_96591_0013.wav,"(258240,)",48000,5.38,test.other,7902,96591,7902_96591_0013,NO HE THOUGHT TO HIMSELF I DON'T BELIEVE THEY WOULD KILL ME BUT THEY WOULD KNOCK ME ABOUT,3,0.3
./dataset/3_7902_96594_0003.wav,"(117840,)",48000,2.455,test.other,7902,96594,7902_96594_0003,THAT'S RIGHT OF COURSE WELL ARMED,3,0.3
./dataset/3_7902_96592_0005.wav,"(413040,)",48000,8.605,test.other,7902,96592,7902_96592_0005,THE DULL SOUND OF DEPARTING STEPS AND A LOW WHISTLING SOUND COMING DOWN THROUGH THE SKYLIGHT WINDOW INTO THE CABIN WHERE ARCHY RAYSTOKE LAY WITH HIS HEAVY EYELIDS PRESSED DOWN BY SLEEP,3,0.3
./dataset/3_7902_96592_0000.wav,"(202080,)",48000,4.21,test.other,7902,96592,7902_96592_0000,SURE YOU'VE LOOKED ROUND EVERYWHERE BOY YES FATHER QUITE,3,0.3
./dataset/3_7902_96591_0015.wav,"(461280,)",48000,9.61,test.other,7902,96591,7902_96591_0015,TO DO THIS HE MUST SCHEME LIE HID TILL MORNING THEN MAKE FOR THE NEAREST POINT AND SIGNAL FOR HELP UNLESS A BOAT'S CREW WERE ALREADY SEARCHING FOR HIM HOW TO ESCAPE,3,0.3
./dataset/3_7902_96591_0016.wav,"(290160,)",48000,6.045,test.other,7902,96591,7902_96591_0016,THE WINDOW WAS BARRED BUT HE WENT TO IT AND TRIED THE BARS ONE BY ONE TO FIND THEM ALL SOLIDLY FITTED INTO THE STONE SILL,3,0.3
./dataset/3_7902_96594_0015.wav,"(123359,)",48000,2.57,test.other,7902,96594,7902_96594_0015,AWK WARD MISTER GURR AWKWARD,3,0.3
./dataset/3_7902_96592_0016.wav,"(99600,)",48000,2.075,test.other,7902,96592,7902_96592_0016,HULLO HE SAID WHO ARE YOU,3,0.3
./dataset/3_7800_283493_0026.wav,"(662160,)",48000,13.795,train.clean.100,7800,283493,7800_283493_0026,FRANK HOWEVER UNDERSTOOD WHAT A BLIZZARD MEANT UP THERE IN MAINE HE HAD BEEN IN ONE OR TWO HIMSELF AND WOULD NOT CARE TO REPEAT CERTAIN EXPERIENCES THAT HAD COME HIS WAY UNLESS WELL PROVIDED AGAINST HUNGER AND BITTER COLD,3,0.3
./dataset/3_7800_283493_0034.wav,"(706320,)",48000,14.715,train.clean.100,7800,283493,7800_283493_0034,WE'RE NOT THE BABES IN THE WOODS YOU KNOW IF I DO SAY IT MYSELF WE'VE HAD OUR EYETEETH CUT FOR SOME TIME THERE NEVER WAS SUCH A BULLY CHANCE TO GET A BIG MOOSE AND WE WANT TO DO OUR LEVEL BEST LOOK FOR US WHEN WE COME,3,0.3
./dataset/3_2514_149482_0095.wav,"(682080,)",48000,14.21,train.clean.100,2514,149482,2514_149482_0095,SHE ENUNCIATED TO RELIEVE HIS BEWILDERMENT THE OBVIOUS TRUTH THAT YOU COULDN'T LEAVE LONDON FOR THREE MONTHS AT THAT TIME OF THE YEAR AND COME BACK TO FIND YOUR FRIENDS JUST WHERE THEY WERE AS THEY HAD OF COURSE BEEN JIGGING AWAY,3,0.3
./dataset/3_374_180298_0006.wav,"(639840,)",48000,13.33,train.clean.100,374,180298,374_180298_0006,I CAME TO PARIS STUDIED LAW WAS CALLED TO THE BAR AND LIKE MANY OTHER YOUNG MEN PUT MY DIPLOMA IN MY POCKET AND LET MYSELF DRIFT AS ONE SO EASILY DOES IN PARIS,3,0.3
./dataset/3_2514_149482_0105.wav,"(680640,)",48000,14.18,train.clean.100,2514,149482,2514_149482_0105,THAT WITH SUCH STUFF AS THE STRANGE ENGLISH GIRL WAS MADE OF STUFF THAT IN SPITE OF MAUD MANNINGHAM WHO WAS FULL OF SENTIMENT SHE HAD NEVER KNOWN THERE WAS NONE OTHER TO BE EMPLOYED THESE THINGS WERE OF LATER EVIDENCE,3,0.3
./dataset/3_374_180298_0010.wav,"(679440,)",48000,14.155,train.clean.100,374,180298,374_180298_0010,SHE WOULD WRITE TO ME IN THE MORNING THAT SHE WOULD DINE WITH ME NOT AT HOME BUT AT SOME RESTAURANT IN PARIS OR IN THE COUNTRY I WOULD CALL FOR HER AND WE WOULD DINE AND GO ON TO THE THEATRE OFTEN HAVING SUPPER AS WELL,3,0.3
./dataset/3_374_180298_0000.wav,"(697440,)",48000,14.53,train.clean.100,374,180298,374_180298_0000,CHAPTER SIXTEEN I MIGHT HAVE TOLD YOU OF THE BEGINNING OF THIS LIAISON IN A FEW LINES BUT I WANTED YOU TO SEE EVERY STEP BY WHICH WE CAME I TO AGREE TO WHATEVER MARGUERITE WISHED,3,0.3
./dataset/3_2514_149482_0090.wav,"(403439,)",48000,8.405,train.clean.100,2514,149482,2514_149482_0090,THE CREATURE IN FINE AS TO WHOM SPANGLES OR SPOTS OF ANY SUFFICIENTLY MARKED AND EXHIBITED SORT COULD BE LOUDLY ENOUGH PREDICATED,3,0.3
./dataset/3_2514_149482_0051.wav,"(717120,)",48000,14.94,train.clean.100,2514,149482,2514_149482_0051,TO A PERCEPTION OF MORE ELEMENTS IN THE OCCASION THAN HE WAS HIMSELF ABLE TO COUNT SHE WAS ACCESSIBLE TO SIDES OF IT HE IMAGINED THAT WERE AS YET OBSCURE TO HIM FOR THOUGH SHE UNMISTAKEABLY REJOICED AND SOARED,3,0.3
./dataset/3_7800_283478_0033.wav,"(770160,)",48000,16.045,train.clean.100,7800,283478,7800_283478_0033,PERHAPS HE'S HELD WILL UP TO TELL HIM ABOUT SOMETHING YOU KNOW UNCLE FELIX THINKS HEAPS OF OUR CHUM YES AND OF ALL THE REST OF US IN THE BARGAIN THERE HE COMES EXCLAIMED BLUFF AND SAY HE SEEMS TO BE IN A TERRIBLE HURRY ADDED JERRY,3,0.3
./dataset/3_2514_149482_0014.wav,"(727920,)",48000,15.165,train.clean.100,2514,149482,2514_149482_0014,THE HUMILIATION OF THIS IMPOTENCE WAS PRECISELY WHAT AUNT MAUD SOUGHT TO MITIGATE FOR HIM BY KEEPING HIM DOWN AND AS HER EFFORT TO THAT END HAD DOUBTLESS NEVER YET BEEN SO VISIBLE HE HAD PROBABLY NEVER FELT SO DEFINITELY PLACED IN THE WORLD,3,0.3
./dataset/3_3240_131231_0078.wav,"(691443,)",48000,14.4051,train.clean.100,3240,131231,3240_131231_0078,AS TO DISCUSSION NOT A WORD OR SCIENCE AND ITS CONTINUITY WITH PRESBYTERIANISM DATA LIKE THIS ARE DAMNED AT BIRTH THE WEATHER REVIEW DOES SPRINKLE OR BAPTIZE OR ATTEMPT TO SAVE THIS INFANT,3,0.3
./dataset/3_374_180298_0059.wav,"(454560,)",48000,9.47,train.clean.100,374,180298,374_180298_0059,WELL TELL THE DUKE TO TAKE IT FOR YOU HE WOULD DO SO I AM SURE I'LL SEE ABOUT IT IF YOU LIKE MARGUERITE LOOKED AT ME,3,0.3
./dataset/3_7800_283478_0030.wav,"(813120,)",48000,16.94,train.clean.100,7800,283478,7800_283478_0030,OH WELL I NOTICED A LOT OF DODGING BEING DONE COMMENTED FRANK AND ONLY FOR THAT ALL OF US MIGHT HAVE MADE MORE BULL'S EYES CHANCES ARE THAT ANDY WILL HAVE A CIRCLE AROUND HIS LEFT EYE AFTER THAT SMASH HE GOT OBSERVED JERRY A HARD SNOWBALL CAN STING LIKE FUN WHEN IT CATCHES YOU THERE,3,0.3
./dataset/3_7800_283478_0018.wav,"(185520,)",48000,3.865,train.clean.100,7800,283478,7800_283478_0018,ALTHOUGH THE LATTER HAD NOT BEEN A RESIDENT THERE MUCH MORE THAN THREE YEARS,3,0.3
./dataset/3_3240_131231_0026.wav,"(729120,)",48000,15.19,train.clean.100,3240,131231,3240_131231_0026,HAVING PUBLISHED A REPORT OF A FALL OF FISHES WRITES I AM CONTINUALLY RECEIVING SIMILAR ACCOUNTS OF FROGS AND FISHES BUT IN ALL THE VOLUMES OF THE ZOOLOGIST I CAN FIND ONLY TWO REPORTS OF SUCH FALLS THERE IS NOTHING TO CONCLUDE,3,0.3
./dataset/3_374_180299_0019.wav,"(668400,)",48000,13.925,train.clean.100,374,180299,374_180299_0019,FAR THAT MY MISTRESS NOW BELONGED TO ME MORE COMPLETELY AND MY DREAM WAS AT LENGTH REALIZED MARGUERITE COULD NOT BE WITHOUT ME NOT CARING WHAT THE RESULT MIGHT BE SHE PUBLICLY PROCLAIMED OUR LIAISON,3,0.3
./dataset/3_374_180299_0033.wav,"(707280,)",48000,14.735,train.clean.100,374,180299,374_180299_0033,SAID SHE TURNING TO PRUDENCE AND SPEAKING IN A BROKEN VOICE YOU CAN REPORT THIS SCENE TO THE DUKE AND YOU CAN ADD THAT WE HAVE NO LONGER NEED OF HIM FROM THAT DAY FORTH THE DUKE WAS NEVER REFERRED TO,3,0.3
./dataset/3_374_180299_0043.wav,"(371520,)",48000,7.74,train.clean.100,374,180299,374_180299_0043,HE WOULD BRING HER BACK TO HIM BUT WHEN HE HAD PERCEIVED THE USELESSNESS OF THESE MEANS HE COULD HOLD OUT NO LONGER,3,0.3
./dataset/3_3240_131231_0068.wav,"(694560,)",48000,14.47,train.clean.100,3240,131231,3240_131231_0068,A CORRESPONDENT WRITES FROM THE DOVE MARINE LABORATORY CUTTERCOATS ENGLAND THAT AT HINDON A SUBURB OF SUNDERLAND AUGUST TWENTY FOURTH NINETEEN EIGHTEEN HUNDREDS OF SMALL FISHES IDENTIFIED AS SAND EELS HAD FALLEN,3,0.3
./dataset/3_3240_131232_0008.wav,"(597600,)",48000,12.45,train.clean.100,3240,131232,3240_131232_0008,BUT THE OMNIPRESENCE OF HETEROGENEITY OR LIVING FISHES ALSO PONDS OF FRESH WATER OCEANS OF SALT WATER AS TO THE LAW OF GRAVITATION I PREFER TO TAKE ONE SIMPLE STAND,3,0.3
./dataset/3_3240_131232_0037.wav,"(720000,)",48000,15.0,train.clean.100,3240,131232,3240_131232_0037,SUGGESTS TO ME SOMETHING OF A MIGRATORY NATURE BUT THAT SNAKES IN THE UNITED STATES DO NOT MIGRATE IN THE MONTH OF JANUARY IF EVER AS TO FALLS OR FLUTTERINGS OF WINGED INSECTS FROM THE SKY PREVAILING NOTIONS OF SWARMING WOULD SEEM EXPLANATORY ENOUGH,3,0.3
./dataset/3_374_180299_0006.wav,"(740400,)",48000,15.425,train.clean.100,374,180299,374_180299_0006,I TOOK IT WAS I RIGHT I FLUNG MY ARMS AROUND HER NECK AND KISSED HER IT WILL BE CHARMING SHE CONTINUED YOU HAVE THE KEY OF THE LITTLE DOOR AND I HAVE PROMISED THE DUKE THE KEY OF THE FRONT DOOR,3,0.3
./dataset/3_3240_131231_0008.wav,"(119760,)",48000,2.495,train.clean.100,3240,131231,3240_131231_0008,JULY THIRTIETH EIGHTEEN THIRTY EIGHT,3,0.3
./dataset/3_7800_283492_0013.wav,"(674400,)",48000,14.05,train.clean.100,7800,283492,7800_283492_0013,THE BIG COWARD MUTTERED BLUFF CLENCHING HIS FISTS AND SHAKING HIS HEAD AS THOUGH HE WOULD LIKE NOTHING BETTER THAN TO GET IN A BLOW AT THE BULLY MY OPINION AS FAR AS I HAVE ANY IS ABOUT LIKE THIS FRANK CONTINUED,3,0.3
./dataset/3_3240_131231_0034.wav,"(776879,)",48000,16.185,train.clean.100,3240,131231,3240_131231_0034,THE FISHES THEMSELVES HAD FALLEN BY PAILFULS IF THESE FISHES WERE NOT UPON THE GROUND IN THE FIRST PLACE WE BASE OUR OBJECTIONS TO THE WHIRLWIND EXPLANATION UPON TWO DATA THAT THEY FELL IN NO SUCH DISTRIBUTION AS ONE COULD ATTRIBUTE TO THE DISCHARGE OF A WHIRLWIND,3,0.3
./dataset/3_7800_283493_0030.wav,"(714003,)",48000,14.8751,train.clean.100,7800,283493,7800_283493_0030,WE TAKE IT ALL BACK JERRY VOWED AFTER THIS WE'LL OWN UP THAT YOU KNOW A BULL MOOSE FROM A MULE OR A BUCK DEER EVERY TIME THAT'S GOING TO BE A PRIZE PICTURE ALL RIGHT THOSE LAST WORDS FROM FRANK MADE WILL VERY PROUD,3,0.3
./dataset/3_2514_149482_0032.wav,"(780720,)",48000,16.265,train.clean.100,2514,149482,2514_149482_0032,THAT THE DISCIPLINED FACE DID OFFER HIM OVER THE FOOTLIGHTS AS HE BELIEVED THE SMALL GLEAM FINE FAINT BUT EXQUISITE OF A SPECIAL INTELLIGENCE SO MIGHT A PRACTISED PERFORMER EVEN WHEN RAKED BY DOUBLE BARRELLED GLASSES SEEM TO BE ALL IN HER PART,3,0.3
./dataset/3_7800_283478_0024.wav,"(693120,)",48000,14.44,train.clean.100,7800,283478,7800_283478_0024,CHANCES ARE WE'LL BE DROPPING IN TO SEE HOW OLD JESSE WILCOX IS GETTING ON WITH HIS MUSKRAT TRAPPING I THINK I'D ENJOY ANOTHER TURN UP THERE IN THE WOODS ONE THING SURE SAID FRANK WE MUST ARRANGE TO GO AWAY SOMEWHERE AND DO A LITTLE HUNTING AGAIN,3,0.3
./dataset/3_374_180298_0013.wav,"(622320,)",48000,12.965,train.clean.100,374,180298,374_180298_0013,MY LOVE FOR HER HAD SO DISTURBING AN INFLUENCE UPON ME THAT EVERY MOMENT I SPENT AWAY FROM MARGUERITE WAS LIKE A YEAR AND THAT I FELT THE NEED OF CONSUMING THESE MOMENTS IN THE FIRE OF SOME SORT OF PASSION,3,0.3
./dataset/3_2514_149482_0017.wav,"(713760,)",48000,14.87,train.clean.100,2514,149482,2514_149482_0017,THE IDEA OF A VISIT TO THE WONDERFUL COUNTRY HAD CLEARLY BUT JUST OCCURRED TO HER YET SHE WAS TALKING OF IT AT THE END OF A MINUTE AS HER FAVOURITE DREAM HE DIDN'T BELIEVE IN IT BUT HE PRETENDED TO THIS HELPED HER AS WELL AS ANYTHING ELSE,3,0.3
./dataset/3_3240_131232_0020.wav,"(767760,)",48000,15.995,train.clean.100,3240,131232,3240_131232_0020,BUT HAS ALWAYS SOUGHT POSITIVELY TO PROVE OR TO DISPROVE SOMETHING THAT WAS CONCEIVED OF OR SUSPECTED IN ADVANCE AS I SUSPECTED SAYS THIS CORRESPONDENT I FOUND THAT THE SNAILS WERE OF A FAMILIAR LAND SPECIES THAT THEY HAD BEEN UPON THE GROUND,3,0.3
./dataset/3_7800_283493_0003.wav,"(761280,)",48000,15.86,train.clean.100,7800,283493,7800_283493_0003,BUT GO ON WILL WHAT HAPPENED NEXT OH I LOOKED UP TO SEE WHAT HAD MADE THAT QUEER SOUND AND THERE HE WAS JUST STANDING AND LOOKING STRAIGHT AT ME I WAS NEARLY SCARED TO DEATH AT FIRST FOR HE LOOKED NEARLY AS BIG AS A BARN,3,0.3
./dataset/3_374_180298_0028.wav,"(721680,)",48000,15.035,train.clean.100,374,180298,374_180298_0028,THEN SHE SOMETIMES CAME TO DINE WITH ME ONE MORNING I DID NOT GO TILL EIGHT AND THERE CAME A DAY WHEN I DID NOT GO TILL TWELVE BUT SOONER THAN THE MORAL METAMORPHOSIS A PHYSICAL METAMORPHOSIS CAME ABOUT IN MARGUERITE,3,0.3
./dataset/3_374_180299_0021.wav,"(751680,)",48000,15.66,train.clean.100,374,180299,374_180299_0021,AND THAT HAPPEN WHAT MIGHT SHE WOULD NOT SACRIFICE THE PLEASURE OF HAVING ME CONSTANTLY WITH HER ADDING THAT THOSE WHO WERE NOT SATISFIED WITH THIS ARRANGEMENT WERE FREE TO STAY AWAY SO MUCH I HAD HEARD ONE DAY WHEN PRUDENCE HAD SAID TO MARGUERITE,3,0.3
./dataset/3_374_180298_0036.wav,"(663600,)",48000,13.825,train.clean.100,374,180298,374_180298_0036,THE TIME OF THE YEAR WHEN I WAS ACCUSTOMED TO JOIN MY FATHER AND SISTER HAD NOW ARRIVED AND I DID NOT GO BOTH OF THEM WROTE TO ME FREQUENTLY BEGGING ME TO COME TO THESE LETTERS I REPLIED AS BEST I COULD,3,0.3
./dataset/3_7800_283492_0029.wav,"(668880,)",48000,13.935,train.clean.100,7800,283492,7800_283492_0029,FRANK HAD AN IDEA THEY WOULD BE VISITED BY A BIG SNOWFALL BEFORE TWENTY FOUR HOURS HAD PASSED OF COURSE THAT'S ONLY A HAZARD FELLOWS HE TOLD BLUFF AND JERRY WHO WERE HELPING HIM ADD TO THE HANDY HEAP CLOSE TO THE DOOR OF THE CABIN,3,0.3
./dataset/3_3240_131232_0018.wav,"(589440,)",48000,12.28,train.clean.100,3240,131232,3240_131232_0018,OF GREAT AND DESERVED REPUTE I THOUGHT I SHOULD FOR ONCE LIKE TO TRACE THE ORIGIN OF ONE OF THESE FABULOUS TALES OUR OWN ACCEPTANCE IS THAT JUSTICE CANNOT BE IN AN INTERMEDIATE EXISTENCE,3,0.3
./dataset/3_3240_131231_0041.wav,"(487919,)",48000,10.165,train.clean.100,3240,131231,3240_131231_0041,IN THIS LETTER IT IS SAID THAT THE LARGEST FISHES WERE FIVE INCHES LONG AND THAT THESE DID NOT SURVIVE THE FALL REPORT OF THE BRITISH ASSOCIATION,3,0.3
./dataset/3_2514_149482_0073.wav,"(614160,)",48000,12.795,train.clean.100,2514,149482,2514_149482_0073,SHE'LL THANK YOU FOR THAT SIR SAID MISSUS STRINGHAM WITH A FLUSHED FIRMNESS YET DOESN'T SILENCE IN SUCH A CASE AUNT MAUD BLANDLY ENQUIRED VERY OFTEN QUITE PROVE THE DEPTH OF THE IMPRESSION,3,0.3
./dataset/3_2514_149482_0003.wav,"(686640,)",48000,14.305,train.clean.100,2514,149482,2514_149482_0003,THE LONG DAYLIGHT THE POSTPONED LAMPS THE HABIT OF THE HOUR MADE DINNERS LATE AND GUESTS STILL LATER SO THAT PUNCTUAL AS HE WAS HE HAD FOUND MISSUS LOWDER ALONE WITH KATE HERSELF NOT YET IN THE FIELD,3,0.3
./dataset/3_3240_131231_0019.wav,"(628800,)",48000,13.1,train.clean.100,3240,131231,3240_131231_0019,A FALL OF SMALL FROGS NEAR BIRMINGHAM ENGLAND JUNE THIRTIETH EIGHTEEN NINETY TWO IS ATTRIBUTED TO A SPECIFIC WHIRLWIND BUT NOT A WORD AS TO ANY SPECIAL POND THAT HAD CONTRIBUTED,3,0.3
./dataset/3_2514_149482_0041.wav,"(750000,)",48000,15.625,train.clean.100,2514,149482,2514_149482_0041,FOR HER BY HIS PROMPT RECOGNITION OF HER RARITY BY PRECEDING HER IN A FRIENDLY SPIRIT AS HE HAD THE EAR OF SOCIETY WITH A SHARP FLASHLIGHT OR TWO HE MET POOR DENSHER THESE ENQUIRIES AS HE COULD,3,0.3
./dataset/3_374_180298_0031.wav,"(746640,)",48000,15.555,train.clean.100,374,180298,374_180298_0031,MARGUERITE GOT ACCUSTOMED TO THIS NEW EXISTENCE WHOSE SALUTARY EFFECTS SHE ALREADY REALIZED SHE BEGAN TO SPEND SOME OF HER EVENINGS AT HOME OR IF THE WEATHER WAS FINE SHE WRAPPED HERSELF IN A SHAWL PUT ON A VEIL AND WE WENT ON FOOT,3,0.3
./dataset/3_374_180299_0042.wav,"(718560,)",48000,14.97,train.clean.100,374,180299,374_180299_0042,THE DUKE WROTE TO HER TWO OR THREE TIMES SHE RECOGNISED THE WRITING AND GAVE ME THE LETTERS WITHOUT READING THEM SOMETIMES THE TERMS OF THESE LETTERS BROUGHT TEARS TO MY EYES HE HAD IMAGINED THAT BY CLOSING HIS PURSE TO MARGUERITE,3,0.3
./dataset/3_7800_283492_0020.wav,"(637680,)",48000,13.285,train.clean.100,7800,283492,7800_283492_0020,WHEW IT DOES TAKE YOU TO SEE THROUGH THINGS BLUFF DECLARED WITH A LAUGH I CAN UNDERSTAND NOW THAT IT WAS A BIG STREAK OF LUCK FOR TED WHEN HE MET WITH THAT BEAR TRAP WE NEVER KNOW WHEN WE'RE WELL OFF DO WE,3,0.3
./dataset/3_1088_129236_0006.wav,"(537840,)",48000,11.205,train.clean.100,1088,129236,1088_129236_0006,FOR IT IS TO BE CONSIDERED THAT THIS PASSION OF WHICH WE SPEAK THOUGH IT BEGIN WITH THE YOUNG YET FORSAKES NOT THE OLD OR RATHER SUFFERS NO ONE WHO IS TRULY ITS SERVANT TO GROW OLD,3,0.3
./dataset/3_3240_131231_0024.wav,"(419759,)",48000,8.745,train.clean.100,3240,131231,3240_131231_0024,DATE NOT GIVEN BUT I HAVE SEEN IT RECORDED SOMEWHERE ELSE THE BEST KNOWN FALL OF FISHES FROM THE SKY IS THAT WHICH OCCURRED AT MOUNTAIN ASH,3,0.3
./dataset/3_7800_283493_0015.wav,"(719760,)",48000,14.995,train.clean.100,7800,283493,7800_283493_0015,I'M BEGINNING TO BELIEVE WILL WAS NOT SO FAR OUT OF THE WAY AFTER ALL WHEN HE SAID IT MIGHT BE THE GIANT OF ALL MAINE MOOSE BLUFF GOT UP AGAIN SHAKING HIS HEAD OH THE MEANEST LUCK THAT EVER WAS HE LAMENTED,3,0.3
./dataset/3_374_180298_0040.wav,"(757440,)",48000,15.78,train.clean.100,374,180298,374_180298_0040,PRUDENCE WAS ONE OF THOSE WOMEN WHO SEEM MADE ON PURPOSE FOR DAYS IN THE COUNTRY WITH HER UNCHANGING GOOD HUMOUR AND HER ETERNAL APPETITE SHE NEVER LEFT A DULL MOMENT TO THOSE WHOM SHE WAS WITH AND WAS PERFECTLY HAPPY IN ORDERING EGGS CHERRIES MILK,3,0.3
./dataset/3_2063_148526_0040.wav,"(325680,)",48000,6.785,train.other.500,2063,148526,2063_148526_0040,BUT THEY FEEL IMPRISONED WITHIN BOUNDS WHICH THEY WILL APPARENTLY NEVER BE ALLOWED TO PASS,3,0.3
./dataset/3_8296_279865_0024.wav,"(215040,)",48000,4.48,train.other.500,8296,279865,8296_279865_0024,CONSISTING OF SEVEN HOUSES WITH AS MANY FAMILIES LOCATED THERE,3,0.3
./dataset/3_8296_279865_0094.wav,"(534960,)",48000,11.145,train.other.500,8296,279865,8296_279865_0094,HALF A MILE FROM THEIR NEW CAMPING PLACE THE CARRIAGE BROKE AGAIN AND THIS TIME THEY FOUND IT EASIER TO CARRY BOAT AND BAGGAGE THAN TO BUILD A NEW CONVEYANCE CAPTAIN LEWIS DESCRIBED,3,0.3
./dataset/3_2063_148525_0007.wav,"(239520,)",48000,4.99,train.other.500,2063,148525,2063_148525_0007,I HAVE KNOWN ZEALOUS CHRISTIANS WHO CONSTANTLY FORGOT THEMSELVES,3,0.3
./dataset/3_8296_279865_0018.wav,"(605760,)",48000,12.62,train.other.500,8296,279865,8296_279865_0018,SCARCELY ANYTHING WAS KNOWN OF LOUISIANA EXCEPT THE STORIES TOLD BY A FEW HUNTERS JEFFERSON DECIDED THAT THE REGION MUST BE EXPLORED AND ASKED HIS YOUNG SECRETARY MERIWETHER LEWIS,3,0.3
./dataset/3_8296_279865_0009.wav,"(128399,)",48000,2.675,train.other.500,8296,279865,8296_279865_0009,YEARS LATER THE ENGLISH GENERAL WOLFE,3,0.3
./dataset/3_8296_266250_0029.wav,"(170640,)",48000,3.555,train.other.500,8296,266250,8296_266250_0029,WHAT DID YOU THINK THE FIRST MINUTE YOU SAW HER GRANDPA ASKED EDDIE,3,0.3
./dataset/3_8296_266250_0002.wav,"(561600,)",48000,11.7,train.other.500,8296,266250,8296_266250_0002,SO THEY SHALL MY DARLINGS SHE ANSWERED FOR MAMMA LOVES TO TEACH YOU THE YOUNG CARRINGTONS TOO AND THEIR MOTHER PREFERRED THE OLD WAY SO MISTER DALY'S KIND OFFER WAS DECLINED WITH THANKS,3,0.3
./dataset/3_2063_148525_0005.wav,"(708000,)",48000,14.75,train.other.500,2063,148525,2063_148525_0005,HAVE HELD THE SAME LANGUAGE THE TRACK THEY POINT OUT TO MAN IS THE SAME ONLY THAT THE GOAL IS MORE REMOTE INSTEAD OF PLACING IN THIS WORLD THE REWARD OF THE SACRIFICES THEY IMPOSE,3,0.3
./dataset/3_8296_279865_0057.wav,"(712560,)",48000,14.845,train.other.500,8296,279865,8296_279865_0057,WITHIN FORTY PACES OF THE BEAR FOUR OF THE HUNTERS FIRED AND EACH LODGED A BALL IN THE BEAR'S BODY THE ANIMAL SPRANG UP AND ROARED FURIOUSLY AT THEM AS HE CAME NEAR THEM THE TWO HUNTERS WHO HAD NOT YET FIRED GAVE HIM TWO MORE WOUNDS,3,0.3
./dataset/3_8296_266250_0000.wav,"(539520,)",48000,11.24,train.other.500,8296,266250,8296_266250_0000,THE ORDINARY DUTIES OF LIFE MISTER DALY ANXIOUS TO MAKE SOME RETURN FOR THE KINDNESS SHOWN HIM OFFERED TO ACT AS TUTOR TO ALL THE CHILDREN WHO WERE OLD ENOUGH FOR SCHOOL DUTIES,3,0.3
./dataset/3_8296_266250_0020.wav,"(667440,)",48000,13.905,train.other.500,8296,266250,8296_266250_0020,THEN BEGGED THEIR MOTHER TO TELL THEM AGAIN ABOUT DEAR GRANDMA THEY HAD HEARD THE STORY ALL THAT MAMMA AND MAMMY COULD TELL MANY TIMES BUT IT NEVER LOST ITS CHARM YES DEARS I WILL I LOVE TO THINK AND SPEAK OF HER ELSIE SAID,3,0.3
./dataset/3_2063_148526_0025.wav,"(660240,)",48000,13.755,train.other.500,2063,148526,2063_148526_0025,CAUSES OF FANATICAL ENTHUSIASM IN SOME AMERICANS ALTHOUGH THE DESIRE OF ACQUIRING THE GOOD THINGS OF THIS WORLD IS THE PREVAILING PASSION OF THE AMERICAN PEOPLE CERTAIN,3,0.3
./dataset/3_8296_266250_0030.wav,"(178080,)",48000,3.71,train.other.500,8296,266250,8296_266250_0030,BUT SHE POOR THING HAD NONE TO LOVE OR CHERISH HER BUT HER MAMMY,3,0.3
./dataset/3_8296_279865_0033.wav,"(493680,)",48000,10.285,train.other.500,8296,279865,8296_279865_0033,OF THE WASBASHA OR OSAGES WHO KEPT A REVERENCE FOR THEIR ANCESTORS NEVER HUNTING THE BEAVER BECAUSE IN KILLING THAT ANIMAL THEY WOULD KILL A BROTHER OF THE OSAGE,3,0.3
./dataset/3_8296_279865_0032.wav,"(179520,)",48000,3.74,train.other.500,8296,279865,8296_279865_0032,THE OSAGE READILY CONSENTED AND FROM THIS HAPPY MARRIAGE,3,0.3
./dataset/3_8296_279865_0050.wav,"(614640,)",48000,12.805,train.other.500,8296,279865,8296_279865_0050,THEY WERE NOW VERY FAR NORTH NEAR THE NORTHWEST CORNER OF WHAT IS THE STATE OF NORTH DAKOTA GAME WAS STILL PLENTIFUL BUT THE BANKS OF THE RIVER WERE COVERED WITH A COATING OF ALKALI SALTS,3,0.3
./dataset/3_8296_279865_0061.wav,"(755040,)",48000,15.73,train.other.500,8296,279865,8296_279865_0061,UPSET THE CANOE THE BOAT WOULD HAVE TURNED UPSIDE DOWN BUT FOR THE RESISTANCE OF THE CANVAS AWNING THE OTHER BOATS HASTENED TO THE RESCUE RIGHTED THE CANOE AND BY BALING HER OUT KEPT HER FROM SINKING THEY ROWED THE CANOE TO SHORE AND THE CARGO WAS SAVED,3,0.3
./dataset/3_8296_279865_0017.wav,"(502560,)",48000,10.47,train.other.500,8296,279865,8296_279865_0017,IN TIME THIS PURCHASE OF LOUISIANA OR THE TERRITORY STRETCHING TO THE ROCKY MOUNTAINS FORMING THE LARGER PART OF WHAT ARE NOW THIRTEEN OF THE STATES OF THE UNION,3,0.3
./dataset/3_8296_279865_0093.wav,"(416640,)",48000,8.68,train.other.500,8296,279865,8296_279865_0093,THEY HAD TO STOP AND SEARCH FOR A SUBSTITUTE AND FINALLY FOUND WILLOW TREES WHICH PROVIDED THEM WITH ENOUGH WOOD TO PATCH UP THE BOAT CARRIAGE,3,0.3
./dataset/1_6930_81414_0023.wav,"(234480,)",48000,4.885,test.clean,6930,81414,6930_81414_0023,PERCHANCE TOO KAFFAR'S DEATH MIGHT SERVE HIM IN GOOD STEAD,1,0.1
./dataset/1_6930_75918_0018.wav,"(518880,)",48000,10.81,test.clean,6930,75918,6930_75918_0018,THE NIGHT WAS CLEAR STARLIT AND SPLENDID THE TEMPEST HAD PASSED AWAY AND THE SWEET INFLUENCES OF THE EVENING HAD RESTORED LIFE PEACE AND SECURITY EVERYWHERE,1,0.1
./dataset/1_5639_40744_0000.wav,"(756960,)",48000,15.77,test.clean,5639,40744,5639_40744_0000,ELEVEN O'CLOCK HAD STRUCK IT WAS A FINE CLEAR NIGHT THEY WERE THE ONLY PERSONS ON THE ROAD AND THEY SAUNTERED LEISURELY ALONG TO AVOID PAYING THE PRICE OF FATIGUE FOR THE RECREATION PROVIDED FOR THE TOLEDANS IN THEIR VALLEY OR ON THE BANKS OF THEIR RIVER,1,0.1
./dataset/1_5639_40744_0009.wav,"(114000,)",48000,2.375,test.clean,5639,40744,5639_40744_0009,MOTHER DEAR FATHER DO YOU HEAR ME,1,0.1
./dataset/1_6930_76324_0007.wav,"(135360,)",48000,2.82,test.clean,6930,76324,6930_76324_0007,NOW WHAT HAVE YOU TO SAY CYNTHIA SPRAGUE,1,0.1
./dataset/1_6930_76324_0006.wav,"(213840,)",48000,4.455,test.clean,6930,76324,6930_76324_0006,HERS HAPPENED TO BE IN THE SAME FRAME TOO BUT SHE EVIDENTLY DIDN'T CARE ABOUT THAT,1,0.1
./dataset/1_6930_76324_0019.wav,"(123600,)",48000,2.575,test.clean,6930,76324,6930_76324_0019,NOW LET'S DUST THE FURNITURE AND PICTURES,1,0.1
./dataset/1_260_123440_0013.wav,"(166800,)",48000,3.475,test.clean,260,123440,260_123440_0013,I AM SO VERY TIRED OF BEING ALL ALONE HERE,1,0.1
./dataset/1_1320_122617_0033.wav,"(530160,)",48000,11.045,test.clean,1320,122617,1320_122617_0033,IF HOWEVER THEY TAKE YOUR SCALP AS I TRUST AND BELIEVE THEY WILL NOT DEPEND ON IT UNCAS AND I WILL NOT FORGET THE DEED BUT REVENGE IT AS BECOMES TRUE WARRIORS AND TRUSTY FRIENDS,1,0.1
./dataset/1_5639_40744_0026.wav,"(696000,)",48000,14.5,test.clean,5639,40744,5639_40744_0026,LUIS WAS OUT OF DANGER IN A FORTNIGHT IN A MONTH HE ROSE FROM HIS BED AND DURING ALL THAT TIME HE WAS VISITED DAILY BY HIS MOTHER AND GRANDMOTHER AND TREATED BY THE MASTER AND MISTRESS OF THE HOUSE AS IF HE WAS THEIR OWN CHILD,1,0.1
./dataset/1_5639_40744_0029.wav,"(350640,)",48000,7.305,test.clean,5639,40744,5639_40744_0029,THIS TRUTH WHICH I HAVE LEARNED FROM HER LIPS IS CONFIRMED BY HIS FACE IN WHICH WE HAVE BOTH BEHELD THAT OF OUR SON,1,0.1
./dataset/1_5639_40744_0041.wav,"(825600,)",48000,17.2,test.clean,5639,40744,5639_40744_0041,NOR WAS RODOLFO LESS SURPRISED THAN THEY AND THE BETTER TO ASSURE HIMSELF OF SO WONDERFUL A FACT HE BEGGED LEOCADIA TO GIVE HIM SOME TOKEN WHICH SHOULD MAKE PERFECTLY CLEAR TO HIM THAT WHICH INDEED HE DID NOT DOUBT SINCE IT WAS AUTHENTICATED BY HIS PARENTS,1,0.1
./dataset/1_260_123440_0020.wav,"(239760,)",48000,4.995,test.clean,260,123440,260_123440_0020,WE WON'T TALK ABOUT HER ANY MORE IF YOU'D RATHER NOT WE INDEED,1,0.1
./dataset/1_1320_122617_0007.wav,"(889199,)",48000,18.525,test.clean,1320,122617,1320_122617_0007,COME COME RETURNED HAWKEYE UNCASING HIS HONEST COUNTENANCE THE BETTER TO ASSURE THE WAVERING CONFIDENCE OF HIS COMPANION YOU MAY SEE A SKIN WHICH IF IT BE NOT AS WHITE AS ONE OF THE GENTLE ONES HAS NO TINGE OF RED TO IT THAT THE WINDS OF THE HEAVEN AND THE SUN HAVE NOT BESTOWED NOW LET US TO BUSINESS,1,0.1
./dataset/1_6930_76324_0010.wav,"(129120,)",48000,2.69,test.clean,6930,76324,6930_76324_0010,WHAT IN THE WORLD IS THAT QUERIED JOYCE,1,0.1
./dataset/1_1320_122617_0027.wav,"(273117,)",48000,5.6899,test.clean,1320,122617,1320_122617_0027,AS SOON AS THESE DISPOSITIONS WERE MADE THE SCOUT TURNED TO DAVID AND GAVE HIM HIS PARTING INSTRUCTIONS,1,0.1
./dataset/1_1320_122612_0001.wav,"(456960,)",48000,9.52,test.clean,1320,122612,1320_122612_0001,THE DEWS WERE SUFFERED TO EXHALE AND THE SUN HAD DISPERSED THE MISTS AND WAS SHEDDING A STRONG AND CLEAR LIGHT IN THE FOREST WHEN THE TRAVELERS RESUMED THEIR JOURNEY,1,0.1
./dataset/1_260_123440_0001.wav,"(83520,)",48000,1.74,test.clean,260,123440,260_123440_0001,POOR ALICE,1,0.1
./dataset/1_6930_75918_0010.wav,"(145680,)",48000,3.035,test.clean,6930,75918,6930_75918_0010,I CAN PERCEIVE LOVE CLEARLY ENOUGH,1,0.1
./dataset/1_1320_122612_0004.wav,"(308400,)",48000,6.425,test.clean,1320,122612,1320_122612_0004,DISTRUSTING HIS OWN JUDGMENT HIS APPEALS TO THE OPINION OF CHINGACHGOOK WERE FREQUENT AND EARNEST,1,0.1
./dataset/1_7902_96592_0009.wav,"(235680,)",48000,4.91,test.other,7902,96592,7902_96592_0009,THERE WAS AN INTERVAL OF THINKING OVER THIS KNOTTY QUESTION DURING WHICH THE LOW WHISTLING WENT ON,1,0.1
./dataset/1_7902_96591_0021.wav,"(142080,)",48000,2.96,test.other,7902,96591,7902_96591_0021,A NARROW TABLE AGAINST THE WALL IN TWO PLACES,1,0.1
./dataset/1_7902_96591_0013.wav,"(258240,)",48000,5.38,test.other,7902,96591,7902_96591_0013,NO HE THOUGHT TO HIMSELF I DON'T BELIEVE THEY WOULD KILL ME BUT THEY WOULD KNOCK ME ABOUT,1,0.1
./dataset/1_7902_96594_0003.wav,"(117840,)",48000,2.455,test.other,7902,96594,7902_96594_0003,THAT'S RIGHT OF COURSE WELL ARMED,1,0.1
./dataset/1_7902_96592_0005.wav,"(413040,)",48000,8.605,test.other,7902,96592,7902_96592_0005,THE DULL SOUND OF DEPARTING STEPS AND A LOW WHISTLING SOUND COMING DOWN THROUGH THE SKYLIGHT WINDOW INTO THE CABIN WHERE ARCHY RAYSTOKE LAY WITH HIS HEAVY EYELIDS PRESSED DOWN BY SLEEP,1,0.1
./dataset/1_7902_96592_0000.wav,"(202080,)",48000,4.21,test.other,7902,96592,7902_96592_0000,SURE YOU'VE LOOKED ROUND EVERYWHERE BOY YES FATHER QUITE,1,0.1
./dataset/1_7902_96591_0015.wav,"(461280,)",48000,9.61,test.other,7902,96591,7902_96591_0015,TO DO THIS HE MUST SCHEME LIE HID TILL MORNING THEN MAKE FOR THE NEAREST POINT AND SIGNAL FOR HELP UNLESS A BOAT'S CREW WERE ALREADY SEARCHING FOR HIM HOW TO ESCAPE,1,0.1
./dataset/1_7902_96591_0016.wav,"(290160,)",48000,6.045,test.other,7902,96591,7902_96591_0016,THE WINDOW WAS BARRED BUT HE WENT TO IT AND TRIED THE BARS ONE BY ONE TO FIND THEM ALL SOLIDLY FITTED INTO THE STONE SILL,1,0.1
./dataset/1_7902_96594_0015.wav,"(123359,)",48000,2.57,test.other,7902,96594,7902_96594_0015,AWK WARD MISTER GURR AWKWARD,1,0.1
./dataset/1_7902_96592_0016.wav,"(99600,)",48000,2.075,test.other,7902,96592,7902_96592_0016,HULLO HE SAID WHO ARE YOU,1,0.1
./dataset/1_7800_283493_0026.wav,"(662160,)",48000,13.795,train.clean.100,7800,283493,7800_283493_0026,FRANK HOWEVER UNDERSTOOD WHAT A BLIZZARD MEANT UP THERE IN MAINE HE HAD BEEN IN ONE OR TWO HIMSELF AND WOULD NOT CARE TO REPEAT CERTAIN EXPERIENCES THAT HAD COME HIS WAY UNLESS WELL PROVIDED AGAINST HUNGER AND BITTER COLD,1,0.1
./dataset/1_7800_283493_0034.wav,"(706320,)",48000,14.715,train.clean.100,7800,283493,7800_283493_0034,WE'RE NOT THE BABES IN THE WOODS YOU KNOW IF I DO SAY IT MYSELF WE'VE HAD OUR EYETEETH CUT FOR SOME TIME THERE NEVER WAS SUCH A BULLY CHANCE TO GET A BIG MOOSE AND WE WANT TO DO OUR LEVEL BEST LOOK FOR US WHEN WE COME,1,0.1
./dataset/1_2514_149482_0095.wav,"(682080,)",48000,14.21,train.clean.100,2514,149482,2514_149482_0095,SHE ENUNCIATED TO RELIEVE HIS BEWILDERMENT THE OBVIOUS TRUTH THAT YOU COULDN'T LEAVE LONDON FOR THREE MONTHS AT THAT TIME OF THE YEAR AND COME BACK TO FIND YOUR FRIENDS JUST WHERE THEY WERE AS THEY HAD OF COURSE BEEN JIGGING AWAY,1,0.1
./dataset/1_374_180298_0006.wav,"(639840,)",48000,13.33,train.clean.100,374,180298,374_180298_0006,I CAME TO PARIS STUDIED LAW WAS CALLED TO THE BAR AND LIKE MANY OTHER YOUNG MEN PUT MY DIPLOMA IN MY POCKET AND LET MYSELF DRIFT AS ONE SO EASILY DOES IN PARIS,1,0.1
./dataset/1_2514_149482_0105.wav,"(680640,)",48000,14.18,train.clean.100,2514,149482,2514_149482_0105,THAT WITH SUCH STUFF AS THE STRANGE ENGLISH GIRL WAS MADE OF STUFF THAT IN SPITE OF MAUD MANNINGHAM WHO WAS FULL OF SENTIMENT SHE HAD NEVER KNOWN THERE WAS NONE OTHER TO BE EMPLOYED THESE THINGS WERE OF LATER EVIDENCE,1,0.1
./dataset/1_374_180298_0010.wav,"(679440,)",48000,14.155,train.clean.100,374,180298,374_180298_0010,SHE WOULD WRITE TO ME IN THE MORNING THAT SHE WOULD DINE WITH ME NOT AT HOME BUT AT SOME RESTAURANT IN PARIS OR IN THE COUNTRY I WOULD CALL FOR HER AND WE WOULD DINE AND GO ON TO THE THEATRE OFTEN HAVING SUPPER AS WELL,1,0.1
./dataset/1_374_180298_0000.wav,"(697440,)",48000,14.53,train.clean.100,374,180298,374_180298_0000,CHAPTER SIXTEEN I MIGHT HAVE TOLD YOU OF THE BEGINNING OF THIS LIAISON IN A FEW LINES BUT I WANTED YOU TO SEE EVERY STEP BY WHICH WE CAME I TO AGREE TO WHATEVER MARGUERITE WISHED,1,0.1
./dataset/1_2514_149482_0090.wav,"(403439,)",48000,8.405,train.clean.100,2514,149482,2514_149482_0090,THE CREATURE IN FINE AS TO WHOM SPANGLES OR SPOTS OF ANY SUFFICIENTLY MARKED AND EXHIBITED SORT COULD BE LOUDLY ENOUGH PREDICATED,1,0.1
./dataset/1_2514_149482_0051.wav,"(717120,)",48000,14.94,train.clean.100,2514,149482,2514_149482_0051,TO A PERCEPTION OF MORE ELEMENTS IN THE OCCASION THAN HE WAS HIMSELF ABLE TO COUNT SHE WAS ACCESSIBLE TO SIDES OF IT HE IMAGINED THAT WERE AS YET OBSCURE TO HIM FOR THOUGH SHE UNMISTAKEABLY REJOICED AND SOARED,1,0.1
./dataset/1_7800_283478_0033.wav,"(770160,)",48000,16.045,train.clean.100,7800,283478,7800_283478_0033,PERHAPS HE'S HELD WILL UP TO TELL HIM ABOUT SOMETHING YOU KNOW UNCLE FELIX THINKS HEAPS OF OUR CHUM YES AND OF ALL THE REST OF US IN THE BARGAIN THERE HE COMES EXCLAIMED BLUFF AND SAY HE SEEMS TO BE IN A TERRIBLE HURRY ADDED JERRY,1,0.1
./dataset/1_2514_149482_0014.wav,"(727920,)",48000,15.165,train.clean.100,2514,149482,2514_149482_0014,THE HUMILIATION OF THIS IMPOTENCE WAS PRECISELY WHAT AUNT MAUD SOUGHT TO MITIGATE FOR HIM BY KEEPING HIM DOWN AND AS HER EFFORT TO THAT END HAD DOUBTLESS NEVER YET BEEN SO VISIBLE HE HAD PROBABLY NEVER FELT SO DEFINITELY PLACED IN THE WORLD,1,0.1
./dataset/1_3240_131231_0078.wav,"(691443,)",48000,14.4051,train.clean.100,3240,131231,3240_131231_0078,AS TO DISCUSSION NOT A WORD OR SCIENCE AND ITS CONTINUITY WITH PRESBYTERIANISM DATA LIKE THIS ARE DAMNED AT BIRTH THE WEATHER REVIEW DOES SPRINKLE OR BAPTIZE OR ATTEMPT TO SAVE THIS INFANT,1,0.1
./dataset/1_374_180298_0059.wav,"(454560,)",48000,9.47,train.clean.100,374,180298,374_180298_0059,WELL TELL THE DUKE TO TAKE IT FOR YOU HE WOULD DO SO I AM SURE I'LL SEE ABOUT IT IF YOU LIKE MARGUERITE LOOKED AT ME,1,0.1
./dataset/1_7800_283478_0030.wav,"(813120,)",48000,16.94,train.clean.100,7800,283478,7800_283478_0030,OH WELL I NOTICED A LOT OF DODGING BEING DONE COMMENTED FRANK AND ONLY FOR THAT ALL OF US MIGHT HAVE MADE MORE BULL'S EYES CHANCES ARE THAT ANDY WILL HAVE A CIRCLE AROUND HIS LEFT EYE AFTER THAT SMASH HE GOT OBSERVED JERRY A HARD SNOWBALL CAN STING LIKE FUN WHEN IT CATCHES YOU THERE,1,0.1
./dataset/1_7800_283478_0018.wav,"(185520,)",48000,3.865,train.clean.100,7800,283478,7800_283478_0018,ALTHOUGH THE LATTER HAD NOT BEEN A RESIDENT THERE MUCH MORE THAN THREE YEARS,1,0.1
./dataset/1_3240_131231_0026.wav,"(729120,)",48000,15.19,train.clean.100,3240,131231,3240_131231_0026,HAVING PUBLISHED A REPORT OF A FALL OF FISHES WRITES I AM CONTINUALLY RECEIVING SIMILAR ACCOUNTS OF FROGS AND FISHES BUT IN ALL THE VOLUMES OF THE ZOOLOGIST I CAN FIND ONLY TWO REPORTS OF SUCH FALLS THERE IS NOTHING TO CONCLUDE,1,0.1
./dataset/1_374_180299_0019.wav,"(668400,)",48000,13.925,train.clean.100,374,180299,374_180299_0019,FAR THAT MY MISTRESS NOW BELONGED TO ME MORE COMPLETELY AND MY DREAM WAS AT LENGTH REALIZED MARGUERITE COULD NOT BE WITHOUT ME NOT CARING WHAT THE RESULT MIGHT BE SHE PUBLICLY PROCLAIMED OUR LIAISON,1,0.1
./dataset/1_374_180299_0033.wav,"(707280,)",48000,14.735,train.clean.100,374,180299,374_180299_0033,SAID SHE TURNING TO PRUDENCE AND SPEAKING IN A BROKEN VOICE YOU CAN REPORT THIS SCENE TO THE DUKE AND YOU CAN ADD THAT WE HAVE NO LONGER NEED OF HIM FROM THAT DAY FORTH THE DUKE WAS NEVER REFERRED TO,1,0.1
./dataset/1_374_180299_0043.wav,"(371520,)",48000,7.74,train.clean.100,374,180299,374_180299_0043,HE WOULD BRING HER BACK TO HIM BUT WHEN HE HAD PERCEIVED THE USELESSNESS OF THESE MEANS HE COULD HOLD OUT NO LONGER,1,0.1
./dataset/1_3240_131231_0068.wav,"(694560,)",48000,14.47,train.clean.100,3240,131231,3240_131231_0068,A CORRESPONDENT WRITES FROM THE DOVE MARINE LABORATORY CUTTERCOATS ENGLAND THAT AT HINDON A SUBURB OF SUNDERLAND AUGUST TWENTY FOURTH NINETEEN EIGHTEEN HUNDREDS OF SMALL FISHES IDENTIFIED AS SAND EELS HAD FALLEN,1,0.1
./dataset/1_3240_131232_0008.wav,"(597600,)",48000,12.45,train.clean.100,3240,131232,3240_131232_0008,BUT THE OMNIPRESENCE OF HETEROGENEITY OR LIVING FISHES ALSO PONDS OF FRESH WATER OCEANS OF SALT WATER AS TO THE LAW OF GRAVITATION I PREFER TO TAKE ONE SIMPLE STAND,1,0.1
./dataset/1_3240_131232_0037.wav,"(720000,)",48000,15.0,train.clean.100,3240,131232,3240_131232_0037,SUGGESTS TO ME SOMETHING OF A MIGRATORY NATURE BUT THAT SNAKES IN THE UNITED STATES DO NOT MIGRATE IN THE MONTH OF JANUARY IF EVER AS TO FALLS OR FLUTTERINGS OF WINGED INSECTS FROM THE SKY PREVAILING NOTIONS OF SWARMING WOULD SEEM EXPLANATORY ENOUGH,1,0.1
./dataset/1_374_180299_0006.wav,"(740400,)",48000,15.425,train.clean.100,374,180299,374_180299_0006,I TOOK IT WAS I RIGHT I FLUNG MY ARMS AROUND HER NECK AND KISSED HER IT WILL BE CHARMING SHE CONTINUED YOU HAVE THE KEY OF THE LITTLE DOOR AND I HAVE PROMISED THE DUKE THE KEY OF THE FRONT DOOR,1,0.1
./dataset/1_3240_131231_0008.wav,"(119760,)",48000,2.495,train.clean.100,3240,131231,3240_131231_0008,JULY THIRTIETH EIGHTEEN THIRTY EIGHT,1,0.1
./dataset/1_7800_283492_0013.wav,"(674400,)",48000,14.05,train.clean.100,7800,283492,7800_283492_0013,THE BIG COWARD MUTTERED BLUFF CLENCHING HIS FISTS AND SHAKING HIS HEAD AS THOUGH HE WOULD LIKE NOTHING BETTER THAN TO GET IN A BLOW AT THE BULLY MY OPINION AS FAR AS I HAVE ANY IS ABOUT LIKE THIS FRANK CONTINUED,1,0.1
./dataset/1_3240_131231_0034.wav,"(776879,)",48000,16.185,train.clean.100,3240,131231,3240_131231_0034,THE FISHES THEMSELVES HAD FALLEN BY PAILFULS IF THESE FISHES WERE NOT UPON THE GROUND IN THE FIRST PLACE WE BASE OUR OBJECTIONS TO THE WHIRLWIND EXPLANATION UPON TWO DATA THAT THEY FELL IN NO SUCH DISTRIBUTION AS ONE COULD ATTRIBUTE TO THE DISCHARGE OF A WHIRLWIND,1,0.1
./dataset/1_7800_283493_0030.wav,"(714003,)",48000,14.8751,train.clean.100,7800,283493,7800_283493_0030,WE TAKE IT ALL BACK JERRY VOWED AFTER THIS WE'LL OWN UP THAT YOU KNOW A BULL MOOSE FROM A MULE OR A BUCK DEER EVERY TIME THAT'S GOING TO BE A PRIZE PICTURE ALL RIGHT THOSE LAST WORDS FROM FRANK MADE WILL VERY PROUD,1,0.1
./dataset/1_2514_149482_0032.wav,"(780720,)",48000,16.265,train.clean.100,2514,149482,2514_149482_0032,THAT THE DISCIPLINED FACE DID OFFER HIM OVER THE FOOTLIGHTS AS HE BELIEVED THE SMALL GLEAM FINE FAINT BUT EXQUISITE OF A SPECIAL INTELLIGENCE SO MIGHT A PRACTISED PERFORMER EVEN WHEN RAKED BY DOUBLE BARRELLED GLASSES SEEM TO BE ALL IN HER PART,1,0.1
./dataset/1_7800_283478_0024.wav,"(693120,)",48000,14.44,train.clean.100,7800,283478,7800_283478_0024,CHANCES ARE WE'LL BE DROPPING IN TO SEE HOW OLD JESSE WILCOX IS GETTING ON WITH HIS MUSKRAT TRAPPING I THINK I'D ENJOY ANOTHER TURN UP THERE IN THE WOODS ONE THING SURE SAID FRANK WE MUST ARRANGE TO GO AWAY SOMEWHERE AND DO A LITTLE HUNTING AGAIN,1,0.1
./dataset/1_374_180298_0013.wav,"(622320,)",48000,12.965,train.clean.100,374,180298,374_180298_0013,MY LOVE FOR HER HAD SO DISTURBING AN INFLUENCE UPON ME THAT EVERY MOMENT I SPENT AWAY FROM MARGUERITE WAS LIKE A YEAR AND THAT I FELT THE NEED OF CONSUMING THESE MOMENTS IN THE FIRE OF SOME SORT OF PASSION,1,0.1
./dataset/1_2514_149482_0017.wav,"(713760,)",48000,14.87,train.clean.100,2514,149482,2514_149482_0017,THE IDEA OF A VISIT TO THE WONDERFUL COUNTRY HAD CLEARLY BUT JUST OCCURRED TO HER YET SHE WAS TALKING OF IT AT THE END OF A MINUTE AS HER FAVOURITE DREAM HE DIDN'T BELIEVE IN IT BUT HE PRETENDED TO THIS HELPED HER AS WELL AS ANYTHING ELSE,1,0.1
./dataset/1_3240_131232_0020.wav,"(767760,)",48000,15.995,train.clean.100,3240,131232,3240_131232_0020,BUT HAS ALWAYS SOUGHT POSITIVELY TO PROVE OR TO DISPROVE SOMETHING THAT WAS CONCEIVED OF OR SUSPECTED IN ADVANCE AS I SUSPECTED SAYS THIS CORRESPONDENT I FOUND THAT THE SNAILS WERE OF A FAMILIAR LAND SPECIES THAT THEY HAD BEEN UPON THE GROUND,1,0.1
./dataset/1_7800_283493_0003.wav,"(761280,)",48000,15.86,train.clean.100,7800,283493,7800_283493_0003,BUT GO ON WILL WHAT HAPPENED NEXT OH I LOOKED UP TO SEE WHAT HAD MADE THAT QUEER SOUND AND THERE HE WAS JUST STANDING AND LOOKING STRAIGHT AT ME I WAS NEARLY SCARED TO DEATH AT FIRST FOR HE LOOKED NEARLY AS BIG AS A BARN,1,0.1
./dataset/1_374_180298_0028.wav,"(721680,)",48000,15.035,train.clean.100,374,180298,374_180298_0028,THEN SHE SOMETIMES CAME TO DINE WITH ME ONE MORNING I DID NOT GO TILL EIGHT AND THERE CAME A DAY WHEN I DID NOT GO TILL TWELVE BUT SOONER THAN THE MORAL METAMORPHOSIS A PHYSICAL METAMORPHOSIS CAME ABOUT IN MARGUERITE,1,0.1
./dataset/1_374_180299_0021.wav,"(751680,)",48000,15.66,train.clean.100,374,180299,374_180299_0021,AND THAT HAPPEN WHAT MIGHT SHE WOULD NOT SACRIFICE THE PLEASURE OF HAVING ME CONSTANTLY WITH HER ADDING THAT THOSE WHO WERE NOT SATISFIED WITH THIS ARRANGEMENT WERE FREE TO STAY AWAY SO MUCH I HAD HEARD ONE DAY WHEN PRUDENCE HAD SAID TO MARGUERITE,1,0.1
./dataset/1_374_180298_0036.wav,"(663600,)",48000,13.825,train.clean.100,374,180298,374_180298_0036,THE TIME OF THE YEAR WHEN I WAS ACCUSTOMED TO JOIN MY FATHER AND SISTER HAD NOW ARRIVED AND I DID NOT GO BOTH OF THEM WROTE TO ME FREQUENTLY BEGGING ME TO COME TO THESE LETTERS I REPLIED AS BEST I COULD,1,0.1
./dataset/1_7800_283492_0029.wav,"(668880,)",48000,13.935,train.clean.100,7800,283492,7800_283492_0029,FRANK HAD AN IDEA THEY WOULD BE VISITED BY A BIG SNOWFALL BEFORE TWENTY FOUR HOURS HAD PASSED OF COURSE THAT'S ONLY A HAZARD FELLOWS HE TOLD BLUFF AND JERRY WHO WERE HELPING HIM ADD TO THE HANDY HEAP CLOSE TO THE DOOR OF THE CABIN,1,0.1
./dataset/1_3240_131232_0018.wav,"(589440,)",48000,12.28,train.clean.100,3240,131232,3240_131232_0018,OF GREAT AND DESERVED REPUTE I THOUGHT I SHOULD FOR ONCE LIKE TO TRACE THE ORIGIN OF ONE OF THESE FABULOUS TALES OUR OWN ACCEPTANCE IS THAT JUSTICE CANNOT BE IN AN INTERMEDIATE EXISTENCE,1,0.1
./dataset/1_3240_131231_0041.wav,"(487919,)",48000,10.165,train.clean.100,3240,131231,3240_131231_0041,IN THIS LETTER IT IS SAID THAT THE LARGEST FISHES WERE FIVE INCHES LONG AND THAT THESE DID NOT SURVIVE THE FALL REPORT OF THE BRITISH ASSOCIATION,1,0.1
./dataset/1_2514_149482_0073.wav,"(614160,)",48000,12.795,train.clean.100,2514,149482,2514_149482_0073,SHE'LL THANK YOU FOR THAT SIR SAID MISSUS STRINGHAM WITH A FLUSHED FIRMNESS YET DOESN'T SILENCE IN SUCH A CASE AUNT MAUD BLANDLY ENQUIRED VERY OFTEN QUITE PROVE THE DEPTH OF THE IMPRESSION,1,0.1
./dataset/1_2514_149482_0003.wav,"(686640,)",48000,14.305,train.clean.100,2514,149482,2514_149482_0003,THE LONG DAYLIGHT THE POSTPONED LAMPS THE HABIT OF THE HOUR MADE DINNERS LATE AND GUESTS STILL LATER SO THAT PUNCTUAL AS HE WAS HE HAD FOUND MISSUS LOWDER ALONE WITH KATE HERSELF NOT YET IN THE FIELD,1,0.1
./dataset/1_3240_131231_0019.wav,"(628800,)",48000,13.1,train.clean.100,3240,131231,3240_131231_0019,A FALL OF SMALL FROGS NEAR BIRMINGHAM ENGLAND JUNE THIRTIETH EIGHTEEN NINETY TWO IS ATTRIBUTED TO A SPECIFIC WHIRLWIND BUT NOT A WORD AS TO ANY SPECIAL POND THAT HAD CONTRIBUTED,1,0.1
./dataset/1_2514_149482_0041.wav,"(750000,)",48000,15.625,train.clean.100,2514,149482,2514_149482_0041,FOR HER BY HIS PROMPT RECOGNITION OF HER RARITY BY PRECEDING HER IN A FRIENDLY SPIRIT AS HE HAD THE EAR OF SOCIETY WITH A SHARP FLASHLIGHT OR TWO HE MET POOR DENSHER THESE ENQUIRIES AS HE COULD,1,0.1
./dataset/1_374_180298_0031.wav,"(746640,)",48000,15.555,train.clean.100,374,180298,374_180298_0031,MARGUERITE GOT ACCUSTOMED TO THIS NEW EXISTENCE WHOSE SALUTARY EFFECTS SHE ALREADY REALIZED SHE BEGAN TO SPEND SOME OF HER EVENINGS AT HOME OR IF THE WEATHER WAS FINE SHE WRAPPED HERSELF IN A SHAWL PUT ON A VEIL AND WE WENT ON FOOT,1,0.1
./dataset/1_374_180299_0042.wav,"(718560,)",48000,14.97,train.clean.100,374,180299,374_180299_0042,THE DUKE WROTE TO HER TWO OR THREE TIMES SHE RECOGNISED THE WRITING AND GAVE ME THE LETTERS WITHOUT READING THEM SOMETIMES THE TERMS OF THESE LETTERS BROUGHT TEARS TO MY EYES HE HAD IMAGINED THAT BY CLOSING HIS PURSE TO MARGUERITE,1,0.1
./dataset/1_7800_283492_0020.wav,"(637680,)",48000,13.285,train.clean.100,7800,283492,7800_283492_0020,WHEW IT DOES TAKE YOU TO SEE THROUGH THINGS BLUFF DECLARED WITH A LAUGH I CAN UNDERSTAND NOW THAT IT WAS A BIG STREAK OF LUCK FOR TED WHEN HE MET WITH THAT BEAR TRAP WE NEVER KNOW WHEN WE'RE WELL OFF DO WE,1,0.1
./dataset/1_1088_129236_0006.wav,"(537840,)",48000,11.205,train.clean.100,1088,129236,1088_129236_0006,FOR IT IS TO BE CONSIDERED THAT THIS PASSION OF WHICH WE SPEAK THOUGH IT BEGIN WITH THE YOUNG YET FORSAKES NOT THE OLD OR RATHER SUFFERS NO ONE WHO IS TRULY ITS SERVANT TO GROW OLD,1,0.1
./dataset/1_3240_131231_0024.wav,"(419759,)",48000,8.745,train.clean.100,3240,131231,3240_131231_0024,DATE NOT GIVEN BUT I HAVE SEEN IT RECORDED SOMEWHERE ELSE THE BEST KNOWN FALL OF FISHES FROM THE SKY IS THAT WHICH OCCURRED AT MOUNTAIN ASH,1,0.1
./dataset/1_7800_283493_0015.wav,"(719760,)",48000,14.995,train.clean.100,7800,283493,7800_283493_0015,I'M BEGINNING TO BELIEVE WILL WAS NOT SO FAR OUT OF THE WAY AFTER ALL WHEN HE SAID IT MIGHT BE THE GIANT OF ALL MAINE MOOSE BLUFF GOT UP AGAIN SHAKING HIS HEAD OH THE MEANEST LUCK THAT EVER WAS HE LAMENTED,1,0.1
./dataset/1_374_180298_0040.wav,"(757440,)",48000,15.78,train.clean.100,374,180298,374_180298_0040,PRUDENCE WAS ONE OF THOSE WOMEN WHO SEEM MADE ON PURPOSE FOR DAYS IN THE COUNTRY WITH HER UNCHANGING GOOD HUMOUR AND HER ETERNAL APPETITE SHE NEVER LEFT A DULL MOMENT TO THOSE WHOM SHE WAS WITH AND WAS PERFECTLY HAPPY IN ORDERING EGGS CHERRIES MILK,1,0.1
./dataset/1_2063_148526_0040.wav,"(325680,)",48000,6.785,train.other.500,2063,148526,2063_148526_0040,BUT THEY FEEL IMPRISONED WITHIN BOUNDS WHICH THEY WILL APPARENTLY NEVER BE ALLOWED TO PASS,1,0.1
./dataset/1_8296_279865_0024.wav,"(215040,)",48000,4.48,train.other.500,8296,279865,8296_279865_0024,CONSISTING OF SEVEN HOUSES WITH AS MANY FAMILIES LOCATED THERE,1,0.1
./dataset/1_8296_279865_0094.wav,"(534960,)",48000,11.145,train.other.500,8296,279865,8296_279865_0094,HALF A MILE FROM THEIR NEW CAMPING PLACE THE CARRIAGE BROKE AGAIN AND THIS TIME THEY FOUND IT EASIER TO CARRY BOAT AND BAGGAGE THAN TO BUILD A NEW CONVEYANCE CAPTAIN LEWIS DESCRIBED,1,0.1
./dataset/1_2063_148525_0007.wav,"(239520,)",48000,4.99,train.other.500,2063,148525,2063_148525_0007,I HAVE KNOWN ZEALOUS CHRISTIANS WHO CONSTANTLY FORGOT THEMSELVES,1,0.1
./dataset/1_8296_279865_0018.wav,"(605760,)",48000,12.62,train.other.500,8296,279865,8296_279865_0018,SCARCELY ANYTHING WAS KNOWN OF LOUISIANA EXCEPT THE STORIES TOLD BY A FEW HUNTERS JEFFERSON DECIDED THAT THE REGION MUST BE EXPLORED AND ASKED HIS YOUNG SECRETARY MERIWETHER LEWIS,1,0.1
./dataset/1_8296_279865_0009.wav,"(128399,)",48000,2.675,train.other.500,8296,279865,8296_279865_0009,YEARS LATER THE ENGLISH GENERAL WOLFE,1,0.1
./dataset/1_8296_266250_0029.wav,"(170640,)",48000,3.555,train.other.500,8296,266250,8296_266250_0029,WHAT DID YOU THINK THE FIRST MINUTE YOU SAW HER GRANDPA ASKED EDDIE,1,0.1
./dataset/1_8296_266250_0002.wav,"(561600,)",48000,11.7,train.other.500,8296,266250,8296_266250_0002,SO THEY SHALL MY DARLINGS SHE ANSWERED FOR MAMMA LOVES TO TEACH YOU THE YOUNG CARRINGTONS TOO AND THEIR MOTHER PREFERRED THE OLD WAY SO MISTER DALY'S KIND OFFER WAS DECLINED WITH THANKS,1,0.1
./dataset/1_2063_148525_0005.wav,"(708000,)",48000,14.75,train.other.500,2063,148525,2063_148525_0005,HAVE HELD THE SAME LANGUAGE THE TRACK THEY POINT OUT TO MAN IS THE SAME ONLY THAT THE GOAL IS MORE REMOTE INSTEAD OF PLACING IN THIS WORLD THE REWARD OF THE SACRIFICES THEY IMPOSE,1,0.1
./dataset/1_8296_279865_0057.wav,"(712560,)",48000,14.845,train.other.500,8296,279865,8296_279865_0057,WITHIN FORTY PACES OF THE BEAR FOUR OF THE HUNTERS FIRED AND EACH LODGED A BALL IN THE BEAR'S BODY THE ANIMAL SPRANG UP AND ROARED FURIOUSLY AT THEM AS HE CAME NEAR THEM THE TWO HUNTERS WHO HAD NOT YET FIRED GAVE HIM TWO MORE WOUNDS,1,0.1
./dataset/1_8296_266250_0000.wav,"(539520,)",48000,11.24,train.other.500,8296,266250,8296_266250_0000,THE ORDINARY DUTIES OF LIFE MISTER DALY ANXIOUS TO MAKE SOME RETURN FOR THE KINDNESS SHOWN HIM OFFERED TO ACT AS TUTOR TO ALL THE CHILDREN WHO WERE OLD ENOUGH FOR SCHOOL DUTIES,1,0.1
./dataset/1_8296_266250_0020.wav,"(667440,)",48000,13.905,train.other.500,8296,266250,8296_266250_0020,THEN BEGGED THEIR MOTHER TO TELL THEM AGAIN ABOUT DEAR GRANDMA THEY HAD HEARD THE STORY ALL THAT MAMMA AND MAMMY COULD TELL MANY TIMES BUT IT NEVER LOST ITS CHARM YES DEARS I WILL I LOVE TO THINK AND SPEAK OF HER ELSIE SAID,1,0.1
./dataset/1_2063_148526_0025.wav,"(660240,)",48000,13.755,train.other.500,2063,148526,2063_148526_0025,CAUSES OF FANATICAL ENTHUSIASM IN SOME AMERICANS ALTHOUGH THE DESIRE OF ACQUIRING THE GOOD THINGS OF THIS WORLD IS THE PREVAILING PASSION OF THE AMERICAN PEOPLE CERTAIN,1,0.1
./dataset/1_8296_266250_0030.wav,"(178080,)",48000,3.71,train.other.500,8296,266250,8296_266250_0030,BUT SHE POOR THING HAD NONE TO LOVE OR CHERISH HER BUT HER MAMMY,1,0.1
./dataset/1_8296_279865_0033.wav,"(493680,)",48000,10.285,train.other.500,8296,279865,8296_279865_0033,OF THE WASBASHA OR OSAGES WHO KEPT A REVERENCE FOR THEIR ANCESTORS NEVER HUNTING THE BEAVER BECAUSE IN KILLING THAT ANIMAL THEY WOULD KILL A BROTHER OF THE OSAGE,1,0.1
./dataset/1_8296_279865_0032.wav,"(179520,)",48000,3.74,train.other.500,8296,279865,8296_279865_0032,THE OSAGE READILY CONSENTED AND FROM THIS HAPPY MARRIAGE,1,0.1
./dataset/1_8296_279865_0050.wav,"(614640,)",48000,12.805,train.other.500,8296,279865,8296_279865_0050,THEY WERE NOW VERY FAR NORTH NEAR THE NORTHWEST CORNER OF WHAT IS THE STATE OF NORTH DAKOTA GAME WAS STILL PLENTIFUL BUT THE BANKS OF THE RIVER WERE COVERED WITH A COATING OF ALKALI SALTS,1,0.1
./dataset/1_8296_279865_0061.wav,"(755040,)",48000,15.73,train.other.500,8296,279865,8296_279865_0061,UPSET THE CANOE THE BOAT WOULD HAVE TURNED UPSIDE DOWN BUT FOR THE RESISTANCE OF THE CANVAS AWNING THE OTHER BOATS HASTENED TO THE RESCUE RIGHTED THE CANOE AND BY BALING HER OUT KEPT HER FROM SINKING THEY ROWED THE CANOE TO SHORE AND THE CARGO WAS SAVED,1,0.1
./dataset/1_8296_279865_0017.wav,"(502560,)",48000,10.47,train.other.500,8296,279865,8296_279865_0017,IN TIME THIS PURCHASE OF LOUISIANA OR THE TERRITORY STRETCHING TO THE ROCKY MOUNTAINS FORMING THE LARGER PART OF WHAT ARE NOW THIRTEEN OF THE STATES OF THE UNION,1,0.1
./dataset/1_8296_279865_0093.wav,"(416640,)",48000,8.68,train.other.500,8296,279865,8296_279865_0093,THEY HAD TO STOP AND SEARCH FOR A SUBSTITUTE AND FINALLY FOUND WILLOW TREES WHICH PROVIDED THEM WITH ENOUGH WOOD TO PATCH UP THE BOAT CARRIAGE,1,0.1
./dataset/2_6930_81414_0023.wav,"(234480,)",48000,4.885,test.clean,6930,81414,6930_81414_0023,PERCHANCE TOO KAFFAR'S DEATH MIGHT SERVE HIM IN GOOD STEAD,2,0.1
./dataset/2_6930_75918_0018.wav,"(518880,)",48000,10.81,test.clean,6930,75918,6930_75918_0018,THE NIGHT WAS CLEAR STARLIT AND SPLENDID THE TEMPEST HAD PASSED AWAY AND THE SWEET INFLUENCES OF THE EVENING HAD RESTORED LIFE PEACE AND SECURITY EVERYWHERE,2,0.1
./dataset/2_5639_40744_0000.wav,"(756960,)",48000,15.77,test.clean,5639,40744,5639_40744_0000,ELEVEN O'CLOCK HAD STRUCK IT WAS A FINE CLEAR NIGHT THEY WERE THE ONLY PERSONS ON THE ROAD AND THEY SAUNTERED LEISURELY ALONG TO AVOID PAYING THE PRICE OF FATIGUE FOR THE RECREATION PROVIDED FOR THE TOLEDANS IN THEIR VALLEY OR ON THE BANKS OF THEIR RIVER,2,0.1
./dataset/2_5639_40744_0009.wav,"(114000,)",48000,2.375,test.clean,5639,40744,5639_40744_0009,MOTHER DEAR FATHER DO YOU HEAR ME,2,0.1
./dataset/2_6930_76324_0007.wav,"(135360,)",48000,2.82,test.clean,6930,76324,6930_76324_0007,NOW WHAT HAVE YOU TO SAY CYNTHIA SPRAGUE,2,0.1
./dataset/2_6930_76324_0006.wav,"(213840,)",48000,4.455,test.clean,6930,76324,6930_76324_0006,HERS HAPPENED TO BE IN THE SAME FRAME TOO BUT SHE EVIDENTLY DIDN'T CARE ABOUT THAT,2,0.1
./dataset/2_6930_76324_0019.wav,"(123600,)",48000,2.575,test.clean,6930,76324,6930_76324_0019,NOW LET'S DUST THE FURNITURE AND PICTURES,2,0.1
./dataset/2_260_123440_0013.wav,"(166800,)",48000,3.475,test.clean,260,123440,260_123440_0013,I AM SO VERY TIRED OF BEING ALL ALONE HERE,2,0.1
./dataset/2_1320_122617_0033.wav,"(530160,)",48000,11.045,test.clean,1320,122617,1320_122617_0033,IF HOWEVER THEY TAKE YOUR SCALP AS I TRUST AND BELIEVE THEY WILL NOT DEPEND ON IT UNCAS AND I WILL NOT FORGET THE DEED BUT REVENGE IT AS BECOMES TRUE WARRIORS AND TRUSTY FRIENDS,2,0.1
./dataset/2_5639_40744_0026.wav,"(696000,)",48000,14.5,test.clean,5639,40744,5639_40744_0026,LUIS WAS OUT OF DANGER IN A FORTNIGHT IN A MONTH HE ROSE FROM HIS BED AND DURING ALL THAT TIME HE WAS VISITED DAILY BY HIS MOTHER AND GRANDMOTHER AND TREATED BY THE MASTER AND MISTRESS OF THE HOUSE AS IF HE WAS THEIR OWN CHILD,2,0.1
./dataset/2_5639_40744_0029.wav,"(350640,)",48000,7.305,test.clean,5639,40744,5639_40744_0029,THIS TRUTH WHICH I HAVE LEARNED FROM HER LIPS IS CONFIRMED BY HIS FACE IN WHICH WE HAVE BOTH BEHELD THAT OF OUR SON,2,0.1
./dataset/2_5639_40744_0041.wav,"(825600,)",48000,17.2,test.clean,5639,40744,5639_40744_0041,NOR WAS RODOLFO LESS SURPRISED THAN THEY AND THE BETTER TO ASSURE HIMSELF OF SO WONDERFUL A FACT HE BEGGED LEOCADIA TO GIVE HIM SOME TOKEN WHICH SHOULD MAKE PERFECTLY CLEAR TO HIM THAT WHICH INDEED HE DID NOT DOUBT SINCE IT WAS AUTHENTICATED BY HIS PARENTS,2,0.1
./dataset/2_260_123440_0020.wav,"(239760,)",48000,4.995,test.clean,260,123440,260_123440_0020,WE WON'T TALK ABOUT HER ANY MORE IF YOU'D RATHER NOT WE INDEED,2,0.1
./dataset/2_1320_122617_0007.wav,"(889199,)",48000,18.525,test.clean,1320,122617,1320_122617_0007,COME COME RETURNED HAWKEYE UNCASING HIS HONEST COUNTENANCE THE BETTER TO ASSURE THE WAVERING CONFIDENCE OF HIS COMPANION YOU MAY SEE A SKIN WHICH IF IT BE NOT AS WHITE AS ONE OF THE GENTLE ONES HAS NO TINGE OF RED TO IT THAT THE WINDS OF THE HEAVEN AND THE SUN HAVE NOT BESTOWED NOW LET US TO BUSINESS,2,0.1
./dataset/2_6930_76324_0010.wav,"(129120,)",48000,2.69,test.clean,6930,76324,6930_76324_0010,WHAT IN THE WORLD IS THAT QUERIED JOYCE,2,0.1
./dataset/2_1320_122617_0027.wav,"(273117,)",48000,5.6899,test.clean,1320,122617,1320_122617_0027,AS SOON AS THESE DISPOSITIONS WERE MADE THE SCOUT TURNED TO DAVID AND GAVE HIM HIS PARTING INSTRUCTIONS,2,0.1
./dataset/2_1320_122612_0001.wav,"(456960,)",48000,9.52,test.clean,1320,122612,1320_122612_0001,THE DEWS WERE SUFFERED TO EXHALE AND THE SUN HAD DISPERSED THE MISTS AND WAS SHEDDING A STRONG AND CLEAR LIGHT IN THE FOREST WHEN THE TRAVELERS RESUMED THEIR JOURNEY,2,0.1
./dataset/2_260_123440_0001.wav,"(83520,)",48000,1.74,test.clean,260,123440,260_123440_0001,POOR ALICE,2,0.1
./dataset/2_6930_75918_0010.wav,"(145680,)",48000,3.035,test.clean,6930,75918,6930_75918_0010,I CAN PERCEIVE LOVE CLEARLY ENOUGH,2,0.1
./dataset/2_1320_122612_0004.wav,"(308400,)",48000,6.425,test.clean,1320,122612,1320_122612_0004,DISTRUSTING HIS OWN JUDGMENT HIS APPEALS TO THE OPINION OF CHINGACHGOOK WERE FREQUENT AND EARNEST,2,0.1
./dataset/2_7902_96592_0009.wav,"(235680,)",48000,4.91,test.other,7902,96592,7902_96592_0009,THERE WAS AN INTERVAL OF THINKING OVER THIS KNOTTY QUESTION DURING WHICH THE LOW WHISTLING WENT ON,2,0.1
./dataset/2_7902_96591_0021.wav,"(142080,)",48000,2.96,test.other,7902,96591,7902_96591_0021,A NARROW TABLE AGAINST THE WALL IN TWO PLACES,2,0.1
./dataset/2_7902_96591_0013.wav,"(258240,)",48000,5.38,test.other,7902,96591,7902_96591_0013,NO HE THOUGHT TO HIMSELF I DON'T BELIEVE THEY WOULD KILL ME BUT THEY WOULD KNOCK ME ABOUT,2,0.1
./dataset/2_7902_96594_0003.wav,"(117840,)",48000,2.455,test.other,7902,96594,7902_96594_0003,THAT'S RIGHT OF COURSE WELL ARMED,2,0.1
./dataset/2_7902_96592_0005.wav,"(413040,)",48000,8.605,test.other,7902,96592,7902_96592_0005,THE DULL SOUND OF DEPARTING STEPS AND A LOW WHISTLING SOUND COMING DOWN THROUGH THE SKYLIGHT WINDOW INTO THE CABIN WHERE ARCHY RAYSTOKE LAY WITH HIS HEAVY EYELIDS PRESSED DOWN BY SLEEP,2,0.1
./dataset/2_7902_96592_0000.wav,"(202080,)",48000,4.21,test.other,7902,96592,7902_96592_0000,SURE YOU'VE LOOKED ROUND EVERYWHERE BOY YES FATHER QUITE,2,0.1
./dataset/2_7902_96591_0015.wav,"(461280,)",48000,9.61,test.other,7902,96591,7902_96591_0015,TO DO THIS HE MUST SCHEME LIE HID TILL MORNING THEN MAKE FOR THE NEAREST POINT AND SIGNAL FOR HELP UNLESS A BOAT'S CREW WERE ALREADY SEARCHING FOR HIM HOW TO ESCAPE,2,0.1
./dataset/2_7902_96591_0016.wav,"(290160,)",48000,6.045,test.other,7902,96591,7902_96591_0016,THE WINDOW WAS BARRED BUT HE WENT TO IT AND TRIED THE BARS ONE BY ONE TO FIND THEM ALL SOLIDLY FITTED INTO THE STONE SILL,2,0.1
./dataset/2_7902_96594_0015.wav,"(123359,)",48000,2.57,test.other,7902,96594,7902_96594_0015,AWK WARD MISTER GURR AWKWARD,2,0.1
./dataset/2_7902_96592_0016.wav,"(99600,)",48000,2.075,test.other,7902,96592,7902_96592_0016,HULLO HE SAID WHO ARE YOU,2,0.1
./dataset/2_7800_283493_0026.wav,"(662160,)",48000,13.795,train.clean.100,7800,283493,7800_283493_0026,FRANK HOWEVER UNDERSTOOD WHAT A BLIZZARD MEANT UP THERE IN MAINE HE HAD BEEN IN ONE OR TWO HIMSELF AND WOULD NOT CARE TO REPEAT CERTAIN EXPERIENCES THAT HAD COME HIS WAY UNLESS WELL PROVIDED AGAINST HUNGER AND BITTER COLD,2,0.1
./dataset/2_7800_283493_0034.wav,"(706320,)",48000,14.715,train.clean.100,7800,283493,7800_283493_0034,WE'RE NOT THE BABES IN THE WOODS YOU KNOW IF I DO SAY IT MYSELF WE'VE HAD OUR EYETEETH CUT FOR SOME TIME THERE NEVER WAS SUCH A BULLY CHANCE TO GET A BIG MOOSE AND WE WANT TO DO OUR LEVEL BEST LOOK FOR US WHEN WE COME,2,0.1
./dataset/2_2514_149482_0095.wav,"(682080,)",48000,14.21,train.clean.100,2514,149482,2514_149482_0095,SHE ENUNCIATED TO RELIEVE HIS BEWILDERMENT THE OBVIOUS TRUTH THAT YOU COULDN'T LEAVE LONDON FOR THREE MONTHS AT THAT TIME OF THE YEAR AND COME BACK TO FIND YOUR FRIENDS JUST WHERE THEY WERE AS THEY HAD OF COURSE BEEN JIGGING AWAY,2,0.1
./dataset/2_374_180298_0006.wav,"(639840,)",48000,13.33,train.clean.100,374,180298,374_180298_0006,I CAME TO PARIS STUDIED LAW WAS CALLED TO THE BAR AND LIKE MANY OTHER YOUNG MEN PUT MY DIPLOMA IN MY POCKET AND LET MYSELF DRIFT AS ONE SO EASILY DOES IN PARIS,2,0.1
./dataset/2_2514_149482_0105.wav,"(680640,)",48000,14.18,train.clean.100,2514,149482,2514_149482_0105,THAT WITH SUCH STUFF AS THE STRANGE ENGLISH GIRL WAS MADE OF STUFF THAT IN SPITE OF MAUD MANNINGHAM WHO WAS FULL OF SENTIMENT SHE HAD NEVER KNOWN THERE WAS NONE OTHER TO BE EMPLOYED THESE THINGS WERE OF LATER EVIDENCE,2,0.1
./dataset/2_374_180298_0010.wav,"(679440,)",48000,14.155,train.clean.100,374,180298,374_180298_0010,SHE WOULD WRITE TO ME IN THE MORNING THAT SHE WOULD DINE WITH ME NOT AT HOME BUT AT SOME RESTAURANT IN PARIS OR IN THE COUNTRY I WOULD CALL FOR HER AND WE WOULD DINE AND GO ON TO THE THEATRE OFTEN HAVING SUPPER AS WELL,2,0.1
./dataset/2_374_180298_0000.wav,"(697440,)",48000,14.53,train.clean.100,374,180298,374_180298_0000,CHAPTER SIXTEEN I MIGHT HAVE TOLD YOU OF THE BEGINNING OF THIS LIAISON IN A FEW LINES BUT I WANTED YOU TO SEE EVERY STEP BY WHICH WE CAME I TO AGREE TO WHATEVER MARGUERITE WISHED,2,0.1
./dataset/2_2514_149482_0090.wav,"(403439,)",48000,8.405,train.clean.100,2514,149482,2514_149482_0090,THE CREATURE IN FINE AS TO WHOM SPANGLES OR SPOTS OF ANY SUFFICIENTLY MARKED AND EXHIBITED SORT COULD BE LOUDLY ENOUGH PREDICATED,2,0.1
./dataset/2_2514_149482_0051.wav,"(717120,)",48000,14.94,train.clean.100,2514,149482,2514_149482_0051,TO A PERCEPTION OF MORE ELEMENTS IN THE OCCASION THAN HE WAS HIMSELF ABLE TO COUNT SHE WAS ACCESSIBLE TO SIDES OF IT HE IMAGINED THAT WERE AS YET OBSCURE TO HIM FOR THOUGH SHE UNMISTAKEABLY REJOICED AND SOARED,2,0.1
./dataset/2_7800_283478_0033.wav,"(770160,)",48000,16.045,train.clean.100,7800,283478,7800_283478_0033,PERHAPS HE'S HELD WILL UP TO TELL HIM ABOUT SOMETHING YOU KNOW UNCLE FELIX THINKS HEAPS OF OUR CHUM YES AND OF ALL THE REST OF US IN THE BARGAIN THERE HE COMES EXCLAIMED BLUFF AND SAY HE SEEMS TO BE IN A TERRIBLE HURRY ADDED JERRY,2,0.1
./dataset/2_2514_149482_0014.wav,"(727920,)",48000,15.165,train.clean.100,2514,149482,2514_149482_0014,THE HUMILIATION OF THIS IMPOTENCE WAS PRECISELY WHAT AUNT MAUD SOUGHT TO MITIGATE FOR HIM BY KEEPING HIM DOWN AND AS HER EFFORT TO THAT END HAD DOUBTLESS NEVER YET BEEN SO VISIBLE HE HAD PROBABLY NEVER FELT SO DEFINITELY PLACED IN THE WORLD,2,0.1
./dataset/2_3240_131231_0078.wav,"(691443,)",48000,14.4051,train.clean.100,3240,131231,3240_131231_0078,AS TO DISCUSSION NOT A WORD OR SCIENCE AND ITS CONTINUITY WITH PRESBYTERIANISM DATA LIKE THIS ARE DAMNED AT BIRTH THE WEATHER REVIEW DOES SPRINKLE OR BAPTIZE OR ATTEMPT TO SAVE THIS INFANT,2,0.1
./dataset/2_374_180298_0059.wav,"(454560,)",48000,9.47,train.clean.100,374,180298,374_180298_0059,WELL TELL THE DUKE TO TAKE IT FOR YOU HE WOULD DO SO I AM SURE I'LL SEE ABOUT IT IF YOU LIKE MARGUERITE LOOKED AT ME,2,0.1
./dataset/2_7800_283478_0030.wav,"(813120,)",48000,16.94,train.clean.100,7800,283478,7800_283478_0030,OH WELL I NOTICED A LOT OF DODGING BEING DONE COMMENTED FRANK AND ONLY FOR THAT ALL OF US MIGHT HAVE MADE MORE BULL'S EYES CHANCES ARE THAT ANDY WILL HAVE A CIRCLE AROUND HIS LEFT EYE AFTER THAT SMASH HE GOT OBSERVED JERRY A HARD SNOWBALL CAN STING LIKE FUN WHEN IT CATCHES YOU THERE,2,0.1
./dataset/2_7800_283478_0018.wav,"(185520,)",48000,3.865,train.clean.100,7800,283478,7800_283478_0018,ALTHOUGH THE LATTER HAD NOT BEEN A RESIDENT THERE MUCH MORE THAN THREE YEARS,2,0.1
./dataset/2_3240_131231_0026.wav,"(729120,)",48000,15.19,train.clean.100,3240,131231,3240_131231_0026,HAVING PUBLISHED A REPORT OF A FALL OF FISHES WRITES I AM CONTINUALLY RECEIVING SIMILAR ACCOUNTS OF FROGS AND FISHES BUT IN ALL THE VOLUMES OF THE ZOOLOGIST I CAN FIND ONLY TWO REPORTS OF SUCH FALLS THERE IS NOTHING TO CONCLUDE,2,0.1
./dataset/2_374_180299_0019.wav,"(668400,)",48000,13.925,train.clean.100,374,180299,374_180299_0019,FAR THAT MY MISTRESS NOW BELONGED TO ME MORE COMPLETELY AND MY DREAM WAS AT LENGTH REALIZED MARGUERITE COULD NOT BE WITHOUT ME NOT CARING WHAT THE RESULT MIGHT BE SHE PUBLICLY PROCLAIMED OUR LIAISON,2,0.1
./dataset/2_374_180299_0033.wav,"(707280,)",48000,14.735,train.clean.100,374,180299,374_180299_0033,SAID SHE TURNING TO PRUDENCE AND SPEAKING IN A BROKEN VOICE YOU CAN REPORT THIS SCENE TO THE DUKE AND YOU CAN ADD THAT WE HAVE NO LONGER NEED OF HIM FROM THAT DAY FORTH THE DUKE WAS NEVER REFERRED TO,2,0.1
./dataset/2_374_180299_0043.wav,"(371520,)",48000,7.74,train.clean.100,374,180299,374_180299_0043,HE WOULD BRING HER BACK TO HIM BUT WHEN HE HAD PERCEIVED THE USELESSNESS OF THESE MEANS HE COULD HOLD OUT NO LONGER,2,0.1
./dataset/2_3240_131231_0068.wav,"(694560,)",48000,14.47,train.clean.100,3240,131231,3240_131231_0068,A CORRESPONDENT WRITES FROM THE DOVE MARINE LABORATORY CUTTERCOATS ENGLAND THAT AT HINDON A SUBURB OF SUNDERLAND AUGUST TWENTY FOURTH NINETEEN EIGHTEEN HUNDREDS OF SMALL FISHES IDENTIFIED AS SAND EELS HAD FALLEN,2,0.1
./dataset/2_3240_131232_0008.wav,"(597600,)",48000,12.45,train.clean.100,3240,131232,3240_131232_0008,BUT THE OMNIPRESENCE OF HETEROGENEITY OR LIVING FISHES ALSO PONDS OF FRESH WATER OCEANS OF SALT WATER AS TO THE LAW OF GRAVITATION I PREFER TO TAKE ONE SIMPLE STAND,2,0.1
./dataset/2_3240_131232_0037.wav,"(720000,)",48000,15.0,train.clean.100,3240,131232,3240_131232_0037,SUGGESTS TO ME SOMETHING OF A MIGRATORY NATURE BUT THAT SNAKES IN THE UNITED STATES DO NOT MIGRATE IN THE MONTH OF JANUARY IF EVER AS TO FALLS OR FLUTTERINGS OF WINGED INSECTS FROM THE SKY PREVAILING NOTIONS OF SWARMING WOULD SEEM EXPLANATORY ENOUGH,2,0.1
./dataset/2_374_180299_0006.wav,"(740400,)",48000,15.425,train.clean.100,374,180299,374_180299_0006,I TOOK IT WAS I RIGHT I FLUNG MY ARMS AROUND HER NECK AND KISSED HER IT WILL BE CHARMING SHE CONTINUED YOU HAVE THE KEY OF THE LITTLE DOOR AND I HAVE PROMISED THE DUKE THE KEY OF THE FRONT DOOR,2,0.1
./dataset/2_3240_131231_0008.wav,"(119760,)",48000,2.495,train.clean.100,3240,131231,3240_131231_0008,JULY THIRTIETH EIGHTEEN THIRTY EIGHT,2,0.1
./dataset/2_7800_283492_0013.wav,"(674400,)",48000,14.05,train.clean.100,7800,283492,7800_283492_0013,THE BIG COWARD MUTTERED BLUFF CLENCHING HIS FISTS AND SHAKING HIS HEAD AS THOUGH HE WOULD LIKE NOTHING BETTER THAN TO GET IN A BLOW AT THE BULLY MY OPINION AS FAR AS I HAVE ANY IS ABOUT LIKE THIS FRANK CONTINUED,2,0.1
./dataset/2_3240_131231_0034.wav,"(776879,)",48000,16.185,train.clean.100,3240,131231,3240_131231_0034,THE FISHES THEMSELVES HAD FALLEN BY PAILFULS IF THESE FISHES WERE NOT UPON THE GROUND IN THE FIRST PLACE WE BASE OUR OBJECTIONS TO THE WHIRLWIND EXPLANATION UPON TWO DATA THAT THEY FELL IN NO SUCH DISTRIBUTION AS ONE COULD ATTRIBUTE TO THE DISCHARGE OF A WHIRLWIND,2,0.1
./dataset/2_7800_283493_0030.wav,"(714003,)",48000,14.8751,train.clean.100,7800,283493,7800_283493_0030,WE TAKE IT ALL BACK JERRY VOWED AFTER THIS WE'LL OWN UP THAT YOU KNOW A BULL MOOSE FROM A MULE OR A BUCK DEER EVERY TIME THAT'S GOING TO BE A PRIZE PICTURE ALL RIGHT THOSE LAST WORDS FROM FRANK MADE WILL VERY PROUD,2,0.1
./dataset/2_2514_149482_0032.wav,"(780720,)",48000,16.265,train.clean.100,2514,149482,2514_149482_0032,THAT THE DISCIPLINED FACE DID OFFER HIM OVER THE FOOTLIGHTS AS HE BELIEVED THE SMALL GLEAM FINE FAINT BUT EXQUISITE OF A SPECIAL INTELLIGENCE SO MIGHT A PRACTISED PERFORMER EVEN WHEN RAKED BY DOUBLE BARRELLED GLASSES SEEM TO BE ALL IN HER PART,2,0.1
./dataset/2_7800_283478_0024.wav,"(693120,)",48000,14.44,train.clean.100,7800,283478,7800_283478_0024,CHANCES ARE WE'LL BE DROPPING IN TO SEE HOW OLD JESSE WILCOX IS GETTING ON WITH HIS MUSKRAT TRAPPING I THINK I'D ENJOY ANOTHER TURN UP THERE IN THE WOODS ONE THING SURE SAID FRANK WE MUST ARRANGE TO GO AWAY SOMEWHERE AND DO A LITTLE HUNTING AGAIN,2,0.1
./dataset/2_374_180298_0013.wav,"(622320,)",48000,12.965,train.clean.100,374,180298,374_180298_0013,MY LOVE FOR HER HAD SO DISTURBING AN INFLUENCE UPON ME THAT EVERY MOMENT I SPENT AWAY FROM MARGUERITE WAS LIKE A YEAR AND THAT I FELT THE NEED OF CONSUMING THESE MOMENTS IN THE FIRE OF SOME SORT OF PASSION,2,0.1
./dataset/2_2514_149482_0017.wav,"(713760,)",48000,14.87,train.clean.100,2514,149482,2514_149482_0017,THE IDEA OF A VISIT TO THE WONDERFUL COUNTRY HAD CLEARLY BUT JUST OCCURRED TO HER YET SHE WAS TALKING OF IT AT THE END OF A MINUTE AS HER FAVOURITE DREAM HE DIDN'T BELIEVE IN IT BUT HE PRETENDED TO THIS HELPED HER AS WELL AS ANYTHING ELSE,2,0.1
./dataset/2_3240_131232_0020.wav,"(767760,)",48000,15.995,train.clean.100,3240,131232,3240_131232_0020,BUT HAS ALWAYS SOUGHT POSITIVELY TO PROVE OR TO DISPROVE SOMETHING THAT WAS CONCEIVED OF OR SUSPECTED IN ADVANCE AS I SUSPECTED SAYS THIS CORRESPONDENT I FOUND THAT THE SNAILS WERE OF A FAMILIAR LAND SPECIES THAT THEY HAD BEEN UPON THE GROUND,2,0.1
./dataset/2_7800_283493_0003.wav,"(761280,)",48000,15.86,train.clean.100,7800,283493,7800_283493_0003,BUT GO ON WILL WHAT HAPPENED NEXT OH I LOOKED UP TO SEE WHAT HAD MADE THAT QUEER SOUND AND THERE HE WAS JUST STANDING AND LOOKING STRAIGHT AT ME I WAS NEARLY SCARED TO DEATH AT FIRST FOR HE LOOKED NEARLY AS BIG AS A BARN,2,0.1
./dataset/2_374_180298_0028.wav,"(721680,)",48000,15.035,train.clean.100,374,180298,374_180298_0028,THEN SHE SOMETIMES CAME TO DINE WITH ME ONE MORNING I DID NOT GO TILL EIGHT AND THERE CAME A DAY WHEN I DID NOT GO TILL TWELVE BUT SOONER THAN THE MORAL METAMORPHOSIS A PHYSICAL METAMORPHOSIS CAME ABOUT IN MARGUERITE,2,0.1
./dataset/2_374_180299_0021.wav,"(751680,)",48000,15.66,train.clean.100,374,180299,374_180299_0021,AND THAT HAPPEN WHAT MIGHT SHE WOULD NOT SACRIFICE THE PLEASURE OF HAVING ME CONSTANTLY WITH HER ADDING THAT THOSE WHO WERE NOT SATISFIED WITH THIS ARRANGEMENT WERE FREE TO STAY AWAY SO MUCH I HAD HEARD ONE DAY WHEN PRUDENCE HAD SAID TO MARGUERITE,2,0.1
./dataset/2_374_180298_0036.wav,"(663600,)",48000,13.825,train.clean.100,374,180298,374_180298_0036,THE TIME OF THE YEAR WHEN I WAS ACCUSTOMED TO JOIN MY FATHER AND SISTER HAD NOW ARRIVED AND I DID NOT GO BOTH OF THEM WROTE TO ME FREQUENTLY BEGGING ME TO COME TO THESE LETTERS I REPLIED AS BEST I COULD,2,0.1
./dataset/2_7800_283492_0029.wav,"(668880,)",48000,13.935,train.clean.100,7800,283492,7800_283492_0029,FRANK HAD AN IDEA THEY WOULD BE VISITED BY A BIG SNOWFALL BEFORE TWENTY FOUR HOURS HAD PASSED OF COURSE THAT'S ONLY A HAZARD FELLOWS HE TOLD BLUFF AND JERRY WHO WERE HELPING HIM ADD TO THE HANDY HEAP CLOSE TO THE DOOR OF THE CABIN,2,0.1
./dataset/2_3240_131232_0018.wav,"(589440,)",48000,12.28,train.clean.100,3240,131232,3240_131232_0018,OF GREAT AND DESERVED REPUTE I THOUGHT I SHOULD FOR ONCE LIKE TO TRACE THE ORIGIN OF ONE OF THESE FABULOUS TALES OUR OWN ACCEPTANCE IS THAT JUSTICE CANNOT BE IN AN INTERMEDIATE EXISTENCE,2,0.1
./dataset/2_3240_131231_0041.wav,"(487919,)",48000,10.165,train.clean.100,3240,131231,3240_131231_0041,IN THIS LETTER IT IS SAID THAT THE LARGEST FISHES WERE FIVE INCHES LONG AND THAT THESE DID NOT SURVIVE THE FALL REPORT OF THE BRITISH ASSOCIATION,2,0.1
./dataset/2_2514_149482_0073.wav,"(614160,)",48000,12.795,train.clean.100,2514,149482,2514_149482_0073,SHE'LL THANK YOU FOR THAT SIR SAID MISSUS STRINGHAM WITH A FLUSHED FIRMNESS YET DOESN'T SILENCE IN SUCH A CASE AUNT MAUD BLANDLY ENQUIRED VERY OFTEN QUITE PROVE THE DEPTH OF THE IMPRESSION,2,0.1
./dataset/2_2514_149482_0003.wav,"(686640,)",48000,14.305,train.clean.100,2514,149482,2514_149482_0003,THE LONG DAYLIGHT THE POSTPONED LAMPS THE HABIT OF THE HOUR MADE DINNERS LATE AND GUESTS STILL LATER SO THAT PUNCTUAL AS HE WAS HE HAD FOUND MISSUS LOWDER ALONE WITH KATE HERSELF NOT YET IN THE FIELD,2,0.1
./dataset/2_3240_131231_0019.wav,"(628800,)",48000,13.1,train.clean.100,3240,131231,3240_131231_0019,A FALL OF SMALL FROGS NEAR BIRMINGHAM ENGLAND JUNE THIRTIETH EIGHTEEN NINETY TWO IS ATTRIBUTED TO A SPECIFIC WHIRLWIND BUT NOT A WORD AS TO ANY SPECIAL POND THAT HAD CONTRIBUTED,2,0.1
./dataset/2_2514_149482_0041.wav,"(750000,)",48000,15.625,train.clean.100,2514,149482,2514_149482_0041,FOR HER BY HIS PROMPT RECOGNITION OF HER RARITY BY PRECEDING HER IN A FRIENDLY SPIRIT AS HE HAD THE EAR OF SOCIETY WITH A SHARP FLASHLIGHT OR TWO HE MET POOR DENSHER THESE ENQUIRIES AS HE COULD,2,0.1
./dataset/2_374_180298_0031.wav,"(746640,)",48000,15.555,train.clean.100,374,180298,374_180298_0031,MARGUERITE GOT ACCUSTOMED TO THIS NEW EXISTENCE WHOSE SALUTARY EFFECTS SHE ALREADY REALIZED SHE BEGAN TO SPEND SOME OF HER EVENINGS AT HOME OR IF THE WEATHER WAS FINE SHE WRAPPED HERSELF IN A SHAWL PUT ON A VEIL AND WE WENT ON FOOT,2,0.1
./dataset/2_374_180299_0042.wav,"(718560,)",48000,14.97,train.clean.100,374,180299,374_180299_0042,THE DUKE WROTE TO HER TWO OR THREE TIMES SHE RECOGNISED THE WRITING AND GAVE ME THE LETTERS WITHOUT READING THEM SOMETIMES THE TERMS OF THESE LETTERS BROUGHT TEARS TO MY EYES HE HAD IMAGINED THAT BY CLOSING HIS PURSE TO MARGUERITE,2,0.1
./dataset/2_7800_283492_0020.wav,"(637680,)",48000,13.285,train.clean.100,7800,283492,7800_283492_0020,WHEW IT DOES TAKE YOU TO SEE THROUGH THINGS BLUFF DECLARED WITH A LAUGH I CAN UNDERSTAND NOW THAT IT WAS A BIG STREAK OF LUCK FOR TED WHEN HE MET WITH THAT BEAR TRAP WE NEVER KNOW WHEN WE'RE WELL OFF DO WE,2,0.1
./dataset/2_1088_129236_0006.wav,"(537840,)",48000,11.205,train.clean.100,1088,129236,1088_129236_0006,FOR IT IS TO BE CONSIDERED THAT THIS PASSION OF WHICH WE SPEAK THOUGH IT BEGIN WITH THE YOUNG YET FORSAKES NOT THE OLD OR RATHER SUFFERS NO ONE WHO IS TRULY ITS SERVANT TO GROW OLD,2,0.1
./dataset/2_3240_131231_0024.wav,"(419759,)",48000,8.745,train.clean.100,3240,131231,3240_131231_0024,DATE NOT GIVEN BUT I HAVE SEEN IT RECORDED SOMEWHERE ELSE THE BEST KNOWN FALL OF FISHES FROM THE SKY IS THAT WHICH OCCURRED AT MOUNTAIN ASH,2,0.1
./dataset/2_7800_283493_0015.wav,"(719760,)",48000,14.995,train.clean.100,7800,283493,7800_283493_0015,I'M BEGINNING TO BELIEVE WILL WAS NOT SO FAR OUT OF THE WAY AFTER ALL WHEN HE SAID IT MIGHT BE THE GIANT OF ALL MAINE MOOSE BLUFF GOT UP AGAIN SHAKING HIS HEAD OH THE MEANEST LUCK THAT EVER WAS HE LAMENTED,2,0.1
./dataset/2_374_180298_0040.wav,"(757440,)",48000,15.78,train.clean.100,374,180298,374_180298_0040,PRUDENCE WAS ONE OF THOSE WOMEN WHO SEEM MADE ON PURPOSE FOR DAYS IN THE COUNTRY WITH HER UNCHANGING GOOD HUMOUR AND HER ETERNAL APPETITE SHE NEVER LEFT A DULL MOMENT TO THOSE WHOM SHE WAS WITH AND WAS PERFECTLY HAPPY IN ORDERING EGGS CHERRIES MILK,2,0.1
./dataset/2_2063_148526_0040.wav,"(325680,)",48000,6.785,train.other.500,2063,148526,2063_148526_0040,BUT THEY FEEL IMPRISONED WITHIN BOUNDS WHICH THEY WILL APPARENTLY NEVER BE ALLOWED TO PASS,2,0.1
./dataset/2_8296_279865_0024.wav,"(215040,)",48000,4.48,train.other.500,8296,279865,8296_279865_0024,CONSISTING OF SEVEN HOUSES WITH AS MANY FAMILIES LOCATED THERE,2,0.1
./dataset/2_8296_279865_0094.wav,"(534960,)",48000,11.145,train.other.500,8296,279865,8296_279865_0094,HALF A MILE FROM THEIR NEW CAMPING PLACE THE CARRIAGE BROKE AGAIN AND THIS TIME THEY FOUND IT EASIER TO CARRY BOAT AND BAGGAGE THAN TO BUILD A NEW CONVEYANCE CAPTAIN LEWIS DESCRIBED,2,0.1
./dataset/2_2063_148525_0007.wav,"(239520,)",48000,4.99,train.other.500,2063,148525,2063_148525_0007,I HAVE KNOWN ZEALOUS CHRISTIANS WHO CONSTANTLY FORGOT THEMSELVES,2,0.1
./dataset/2_8296_279865_0018.wav,"(605760,)",48000,12.62,train.other.500,8296,279865,8296_279865_0018,SCARCELY ANYTHING WAS KNOWN OF LOUISIANA EXCEPT THE STORIES TOLD BY A FEW HUNTERS JEFFERSON DECIDED THAT THE REGION MUST BE EXPLORED AND ASKED HIS YOUNG SECRETARY MERIWETHER LEWIS,2,0.1
./dataset/2_8296_279865_0009.wav,"(128399,)",48000,2.675,train.other.500,8296,279865,8296_279865_0009,YEARS LATER THE ENGLISH GENERAL WOLFE,2,0.1
./dataset/2_8296_266250_0029.wav,"(170640,)",48000,3.555,train.other.500,8296,266250,8296_266250_0029,WHAT DID YOU THINK THE FIRST MINUTE YOU SAW HER GRANDPA ASKED EDDIE,2,0.1
./dataset/2_8296_266250_0002.wav,"(561600,)",48000,11.7,train.other.500,8296,266250,8296_266250_0002,SO THEY SHALL MY DARLINGS SHE ANSWERED FOR MAMMA LOVES TO TEACH YOU THE YOUNG CARRINGTONS TOO AND THEIR MOTHER PREFERRED THE OLD WAY SO MISTER DALY'S KIND OFFER WAS DECLINED WITH THANKS,2,0.1
./dataset/2_2063_148525_0005.wav,"(708000,)",48000,14.75,train.other.500,2063,148525,2063_148525_0005,HAVE HELD THE SAME LANGUAGE THE TRACK THEY POINT OUT TO MAN IS THE SAME ONLY THAT THE GOAL IS MORE REMOTE INSTEAD OF PLACING IN THIS WORLD THE REWARD OF THE SACRIFICES THEY IMPOSE,2,0.1
./dataset/2_8296_279865_0057.wav,"(712560,)",48000,14.845,train.other.500,8296,279865,8296_279865_0057,WITHIN FORTY PACES OF THE BEAR FOUR OF THE HUNTERS FIRED AND EACH LODGED A BALL IN THE BEAR'S BODY THE ANIMAL SPRANG UP AND ROARED FURIOUSLY AT THEM AS HE CAME NEAR THEM THE TWO HUNTERS WHO HAD NOT YET FIRED GAVE HIM TWO MORE WOUNDS,2,0.1
./dataset/2_8296_266250_0000.wav,"(539520,)",48000,11.24,train.other.500,8296,266250,8296_266250_0000,THE ORDINARY DUTIES OF LIFE MISTER DALY ANXIOUS TO MAKE SOME RETURN FOR THE KINDNESS SHOWN HIM OFFERED TO ACT AS TUTOR TO ALL THE CHILDREN WHO WERE OLD ENOUGH FOR SCHOOL DUTIES,2,0.1
./dataset/2_8296_266250_0020.wav,"(667440,)",48000,13.905,train.other.500,8296,266250,8296_266250_0020,THEN BEGGED THEIR MOTHER TO TELL THEM AGAIN ABOUT DEAR GRANDMA THEY HAD HEARD THE STORY ALL THAT MAMMA AND MAMMY COULD TELL MANY TIMES BUT IT NEVER LOST ITS CHARM YES DEARS I WILL I LOVE TO THINK AND SPEAK OF HER ELSIE SAID,2,0.1
./dataset/2_2063_148526_0025.wav,"(660240,)",48000,13.755,train.other.500,2063,148526,2063_148526_0025,CAUSES OF FANATICAL ENTHUSIASM IN SOME AMERICANS ALTHOUGH THE DESIRE OF ACQUIRING THE GOOD THINGS OF THIS WORLD IS THE PREVAILING PASSION OF THE AMERICAN PEOPLE CERTAIN,2,0.1
./dataset/2_8296_266250_0030.wav,"(178080,)",48000,3.71,train.other.500,8296,266250,8296_266250_0030,BUT SHE POOR THING HAD NONE TO LOVE OR CHERISH HER BUT HER MAMMY,2,0.1
./dataset/2_8296_279865_0033.wav,"(493680,)",48000,10.285,train.other.500,8296,279865,8296_279865_0033,OF THE WASBASHA OR OSAGES WHO KEPT A REVERENCE FOR THEIR ANCESTORS NEVER HUNTING THE BEAVER BECAUSE IN KILLING THAT ANIMAL THEY WOULD KILL A BROTHER OF THE OSAGE,2,0.1
./dataset/2_8296_279865_0032.wav,"(179520,)",48000,3.74,train.other.500,8296,279865,8296_279865_0032,THE OSAGE READILY CONSENTED AND FROM THIS HAPPY MARRIAGE,2,0.1
./dataset/2_8296_279865_0050.wav,"(614640,)",48000,12.805,train.other.500,8296,279865,8296_279865_0050,THEY WERE NOW VERY FAR NORTH NEAR THE NORTHWEST CORNER OF WHAT IS THE STATE OF NORTH DAKOTA GAME WAS STILL PLENTIFUL BUT THE BANKS OF THE RIVER WERE COVERED WITH A COATING OF ALKALI SALTS,2,0.1
./dataset/2_8296_279865_0061.wav,"(755040,)",48000,15.73,train.other.500,8296,279865,8296_279865_0061,UPSET THE CANOE THE BOAT WOULD HAVE TURNED UPSIDE DOWN BUT FOR THE RESISTANCE OF THE CANVAS AWNING THE OTHER BOATS HASTENED TO THE RESCUE RIGHTED THE CANOE AND BY BALING HER OUT KEPT HER FROM SINKING THEY ROWED THE CANOE TO SHORE AND THE CARGO WAS SAVED,2,0.1
./dataset/2_8296_279865_0017.wav,"(502560,)",48000,10.47,train.other.500,8296,279865,8296_279865_0017,IN TIME THIS PURCHASE OF LOUISIANA OR THE TERRITORY STRETCHING TO THE ROCKY MOUNTAINS FORMING THE LARGER PART OF WHAT ARE NOW THIRTEEN OF THE STATES OF THE UNION,2,0.1
./dataset/2_8296_279865_0093.wav,"(416640,)",48000,8.68,train.other.500,8296,279865,8296_279865_0093,THEY HAD TO STOP AND SEARCH FOR A SUBSTITUTE AND FINALLY FOUND WILLOW TREES WHICH PROVIDED THEM WITH ENOUGH WOOD TO PATCH UP THE BOAT CARRIAGE,2,0.1
./dataset/5_librispeech_6930_75918_0004.wav,"(177040,)",44100,11.065,test.clean,6930,75918,6930_75918_0004,SHE TAUGHT HER DAUGHTER THEN BY HER OWN AFFECTION FOR IT THAT LOVE FOR A COUNTRY WHERE THEY HAD BOTH BEEN HOSPITABLY RECEIVED AND WHERE A BRILLIANT FUTURE OPENED BEFORE THEM,5,unknown
./dataset/5_librispeech_6930_76324_0017.wav,"(86560,)",44100,5.41,test.clean,6930,76324,6930_76324_0017,OH LET HIM COME ALONG SHE URGED I DO LOVE TO SEE HIM ABOUT THAT OLD HOUSE,5,unknown
./dataset/5_librispeech_6930_76324_0011.wav,"(147840,)",44100,9.24,test.clean,6930,76324,6930_76324_0011,THEY WORRY ME TERRIBLY AND BESIDES I'D LIKE TO SEE WHAT THIS LOVELY FURNITURE LOOKS LIKE WITHOUT SUCH QUANTITIES OF DUST ALL OVER IT GOOD SCHEME CYN,5,unknown
./dataset/5_librispeech_6930_76324_0000.wav,"(48400,)",44100,3.025,test.clean,6930,76324,6930_76324_0000,GOLIATH MAKES ANOTHER DISCOVERY,5,unknown
./dataset/5_librispeech_6930_81414_0003.wav,"(52720,)",44100,3.295,test.clean,6930,81414,6930_81414_0003,NO SOUND BROKE THE STILLNESS OF THE NIGHT,5,unknown
./dataset/5_librispeech_6930_76324_0021.wav,"(117680,)",44100,7.355,test.clean,6930,76324,6930_76324_0021,SURFACE DUST AT LEAST HAD BEEN REMOVED AND THE FINE OLD FURNITURE GAVE A HINT OF ITS REAL ELEGANCE AND POLISH,5,unknown
./dataset/5_librispeech_6930_81414_0000.wav,"(206320,)",44100,12.895,test.clean,6930,81414,6930_81414_0000,NO WORDS WERE SPOKEN NO LANGUAGE WAS UTTERED SAVE THAT OF WAILING AND HISSING AND THAT SOMEHOW WAS INDISTINCT AS IF IT EXISTED IN FANCY AND NOT IN REALITY,5,unknown
./dataset/5_librispeech_6930_76324_0013.wav,"(68880,)",44100,4.305,test.clean,6930,76324,6930_76324_0013,IT CAN'T HURT ANYTHING I'M SURE FOR WE WON'T DISTURB THINGS AT ALL,5,unknown
./dataset/5_librispeech_6930_75918_0010.wav,"(48560,)",44100,3.035,test.clean,6930,75918,6930_75918_0010,I CAN PERCEIVE LOVE CLEARLY ENOUGH,5,unknown
./dataset/5_librispeech_6930_81414_0006.wav,"(108800,)",44100,6.8,test.clean,6930,81414,6930_81414_0006,WHAT THEN A HUMAN HAND LARGE AND SHAPELY APPEARED DISTINCTLY ON THE SURFACE OF THE POND,5,unknown
./dataset/5_librispeech_6930_76324_0005.wav,"(80560,)",44100,5.035,test.clean,6930,76324,6930_76324_0005,THE TWIN BROTHER DID SOMETHING SHE DIDN'T LIKE AND SHE TURNED HIS PICTURE TO THE WALL,5,unknown
./dataset/5_librispeech_6930_76324_0027.wav,"(132320,)",44100,8.27,test.clean,6930,76324,6930_76324_0027,FORGETTING ALL THEIR WEARINESS THEY SEIZED THEIR CANDLES AND SCURRIED THROUGH THE HOUSE FINDING AN OCCASIONAL PAPER TUCKED AWAY IN SOME ODD CORNER,5,unknown
./dataset/5_librispeech_6930_76324_0015.wav,"(198480,)",44100,12.405,test.clean,6930,76324,6930_76324_0015,SMUGGLING THE HOUSE CLEANING PARAPHERNALIA INTO THE CELLAR WINDOW UNOBSERVED THAT AFTERNOON PROVED NO EASY TASK FOR CYNTHIA HAD ADDED A WHISK BROOM AND DUST PAN TO THE OUTFIT,5,unknown
./dataset/5_librispeech_6930_81414_0001.wav,"(279760,)",44100,17.485,test.clean,6930,81414,6930_81414_0001,I HEARD A NOISE BEHIND I TURNED AND SAW KAFFAR HIS BLACK EYES SHINING WHILE IN HIS HAND HE HELD A GLEAMING KNIFE HE LIFTED IT ABOVE HIS HEAD AS IF TO STRIKE BUT I HAD THE STRENGTH OF TEN MEN AND I HURLED HIM FROM ME,5,unknown
./dataset/5_librispeech_6930_76324_0014.wav,"(75520,)",44100,4.72,test.clean,6930,76324,6930_76324_0014,THIS THOUGHT HOWEVER DID NOT ENTER THE HEADS OF THE ENTHUSIASTIC PAIR,5,unknown
./dataset/5_librispeech_6930_76324_0018.wav,"(34240,)",44100,2.14,test.clean,6930,76324,6930_76324_0018,HE MAKES IT SORT OF COZIER,5,unknown
./dataset/5_librispeech_6930_76324_0004.wav,"(98400,)",44100,6.15,test.clean,6930,76324,6930_76324_0004,BUT JOYCE HAD NOT BEEN LISTENING ALL AT ONCE SHE PUT DOWN HER CANDLE ON THE TABLE AND FACED HER COMPANION,5,unknown
./dataset/5_librispeech_6930_75918_0006.wav,"(93600,)",44100,5.85,test.clean,6930,75918,6930_75918_0006,THIS HAS INDEED BEEN A HARASSING DAY CONTINUED THE YOUNG MAN HIS EYES FIXED UPON HIS FRIEND,5,unknown
./dataset/5_librispeech_6930_76324_0020.wav,"(101040,)",44100,6.315,test.clean,6930,76324,6930_76324_0020,YET LITTLE AS IT WAS IT HAD ALREADY MADE A VAST DIFFERENCE IN THE ASPECT OF THE ROOM,5,unknown
./dataset/5_librispeech_6930_76324_0001.wav,"(51200,)",44100,3.2,test.clean,6930,76324,6930_76324_0001,THEY WERE CERTAINLY NO NEARER THE SOLUTION OF THEIR PROBLEM,5,unknown
./dataset/5_librispeech_7902_96591_0004.wav,"(57680,)",44100,3.605,test.other,7902,96591,7902_96591_0004,THAT MY FATHER SIR RISDON GRAEME HAS SMUGGLED GOODS HERE,5,unknown
./dataset/5_librispeech_7902_96592_0013.wav,"(77600,)",44100,4.85,test.other,7902,96592,7902_96592_0013,ONCE OUT OF THAT ROOM HE COULD RAN AND BY DAYLIGHT THE SMUGGLERS DARE NOT HUNT HIM DOWN,5,unknown
./dataset/5_librispeech_7902_96592_0007.wav,"(82240,)",44100,5.14,test.other,7902,96592,7902_96592_0007,BUT HOW QUEER FOR MISTER GURR TO BE TALKING LIKE THAT TO ANDREW TEAL THE BOY WHO HELPED THE COOK,5,unknown
./dataset/5_librispeech_7902_96591_0021.wav,"(47360,)",44100,2.96,test.other,7902,96591,7902_96591_0021,A NARROW TABLE AGAINST THE WALL IN TWO PLACES,5,unknown
./dataset/5_librispeech_7902_96592_0028.wav,"(198560,)",44100,12.41,test.other,7902,96592,7902_96592_0028,A HAPPY INSPIRATION HAD COME AND PLACING ONE HAND UPON HIS BREAST HE THRUST IN THE OTHER GAVE A TUG AND DREW OUT HIS LITTLE CURVED DIRK GLANCED AT THE EDGE RAN TO THE WINDOW AND BEGAN TO CUT AT ONE OF THE BARS LABOUR IN VAIN,5,unknown
./dataset/5_librispeech_7902_96592_0017.wav,"(51920,)",44100,3.245,test.other,7902,96592,7902_96592_0017,GO ROUND AND OPEN THE DOOR I WAS SHUT IN LAST NIGHT BY MISTAKE,5,unknown
./dataset/5_librispeech_7902_96592_0025.wav,"(54880,)",44100,3.43,test.other,7902,96592,7902_96592_0025,ARCHY STEPPED BACK TO THE DOOR LISTENING BUT THERE WAS NOT A SOUND,5,unknown
./dataset/5_librispeech_7902_96592_0009.wav,"(78560,)",44100,4.91,test.other,7902,96592,7902_96592_0009,THERE WAS AN INTERVAL OF THINKING OVER THIS KNOTTY QUESTION DURING WHICH THE LOW WHISTLING WENT ON,5,unknown
./dataset/5_librispeech_7902_96591_0010.wav,"(108960,)",44100,6.81,test.other,7902,96591,7902_96591_0010,COLD WATER CAME ON THIS IDEA DIRECTLY AS HE RECALLED THE FACT THAT THE DARKNESS WAS INTENSE AND CELIA COULD NOT HAVE SEEN HIM,5,unknown
./dataset/5_librispeech_7902_96592_0031.wav,"(67840,)",44100,4.24,test.other,7902,96592,7902_96592_0031,BUT AT THE END OF FIVE MINUTES HE STOPPED AND THRUST BACK THE DIRK INTO ITS SHEATH,5,unknown
./dataset/5_librispeech_3440_171009_0049.wav,"(129680,)",44100,8.105,train.clean.100,3440,171009,3440_171009_0049,IT IS SUCH A LOVELY DAY BUT HOW SOON DO YOU START AS SOON AS THE LADIES CAN BE READY THE HORSES WILL BE AT THE DOOR IN A VERY FEW MOMENTS,5,unknown
./dataset/5_librispeech_3440_171006_0000.wav,"(256400,)",44100,16.025,train.clean.100,3440,171006,3440_171006_0000,IN THAT HOUR JESUS REJOICED IN SPIRIT AND SAID I THANK THEE O FATHER LORD OF HEAVEN AND EARTH THAT THOU HAST HID THESE THINGS FROM THE WISE AND PRUDENT AND HAST REVEALED THEM UNTO BABES EVEN SO FATHER FOR SO IT SEEMED GOOD IN THY SIGHT,5,unknown
./dataset/5_librispeech_3440_171009_0077.wav,"(38000,)",44100,2.375,train.clean.100,3440,171009,3440_171009_0077,AND HE LAUGHED AND STROKED HER HAIR,5,unknown
./dataset/5_librispeech_3440_171009_0066.wav,"(236560,)",44100,14.785,train.clean.100,3440,171009,3440_171009_0066,AND ALMOST EVERY ONE HAD SEVERAL PRETTY PRESENTS MARY LESLIE AND LITTLE FLORA ARNOTT WERE MADE PERFECTLY HAPPY WITH WAX DOLLS THAT COULD OPEN AND SHUT THEIR EYES CAROLINE HOWARD RECEIVED A GOLD CHAIN FROM HER MAMMA AND A PRETTY PIN FROM ELSIE,5,unknown
./dataset/5_librispeech_3440_171006_0015.wav,"(182000,)",44100,11.375,train.clean.100,3440,171006,3440_171006_0015,SHE REPLIED THE SWEET LITTLE FACE ALL SUFFUSED WITH BLUSHES AND THE SOFT DOWNCAST EYES FILLING WITH TEARS WHY DO YOU THINK SO HE ASKED AGAIN,5,unknown
./dataset/5_librispeech_3440_171006_0004.wav,"(223600,)",44100,13.975,train.clean.100,3440,171006,3440_171006_0004,I WILL NOT LET THEE GO EXCEPT THOU BLESS ME AND THUS IT WAS WITH ELSIE SHE KNEW NOW THAT HER FATHER WAS NOT A CHRISTIAN THAT HE HAD NO REAL LOVE FOR JESUS NONE OF THE TRUE FEAR OF GOD BEFORE HIS EYES,5,unknown
./dataset/5_librispeech_3440_171006_0012.wav,"(243920,)",44100,15.245,train.clean.100,3440,171006,3440_171006_0012,MARVEL NOT THAT I SAID UNTO THEE YE MUST BE BORN AGAIN SHE REPEATED THESE WORDS OF INSPIRATION WITH A DEEP EARNEST SOLEMNITY THAT SEEMED TO IMPRESS EVERY HEARER FOR A MOMENT THERE WAS A DEEP HUSH IN THE ROOM THEN THE GENTLEMAN ASKED,5,unknown
./dataset/5_librispeech_3440_171009_0079.wav,"(206960,)",44100,12.935,train.clean.100,3440,171009,3440_171009_0079,FOR THOUGH I TOO AM FOND OF SWEET THINGS I WILL NOT EAT THEM WHILE I REFUSE THEM TO YOU DO PAPA SHE URGED IT WOULD GIVE ME PLEASURE TO SEE YOU ENJOYING IT NO DARLING I WILL WAIT UNTIL TO MORROW TOO,5,unknown
./dataset/5_librispeech_3440_171009_0055.wav,"(175120,)",44100,10.945,train.clean.100,3440,171009,3440_171009_0055,BUT HAD IT NOT LUCY WHO WAS STANDING AT THE WINDOW TURNED QUICKLY ROUND COME GIRLS SHE SAID LET US RUN OUT AND SEE THEM OFF THEY'RE BRINGING UP THE HORSES,5,unknown
./dataset/5_librispeech_3440_171006_0018.wav,"(254560,)",44100,15.91,train.clean.100,3440,171006,3440_171006_0018,AND I BELIEVE HIM I DID GO TO HIM AND HE DID NOT CAST ME OUT BUT FORGAVE MY SINS AND TAUGHT ME TO LOVE HIM AND DESIRE TO SERVE HIM ALL MY LIFE THIS CONVERSATION BETWEEN THE GENTLEMAN AND THE LITTLE GIRL HAD DRAWN THE ATTENTION OF ALL PRESENT,5,unknown
./dataset/5_librispeech_3440_171009_0071.wav,"(258480,)",44100,16.155,train.clean.100,3440,171009,3440_171009_0071,THE VERY PRETTIEST RING I EVER SAW YET I THINK THERE IS SOMETHING ELSE YOU WOULD HAVE LIKED BETTER IS THERE NOT HE ASKED LOOKING SEARCHINGLY INTO HER FACE DEAR PAPA I LIKE IT VERY MUCH I WOULD RATHER HAVE IT THAN ANYTHING ELSE ON THE TREE,5,unknown
./dataset/5_librispeech_3440_171006_0010.wav,"(240480,)",44100,15.03,train.clean.100,3440,171006,3440_171006_0010,ELSIE FIXED HER EYES ON HIS FACE WITH A VERY MOURNFUL GAZE WHILE HE WAS SPEAKING BUT HE WAS BUSY WITH HIS ARGUMENT AND DID NOT NOTICE HER BUT ONE OF THE GUESTS WAS JUST EXPRESSING HIS APPROVAL OF MISTER DINSMORE'S SENTIMENTS WHEN CATCHING SIGHT OF ELSIE'S FACE,5,unknown
./dataset/5_librispeech_3440_171009_0081.wav,"(199360,)",44100,12.46,train.clean.100,3440,171009,3440_171009_0081,AND THEN AS THE GIFTS HAD ALL BEEN DISTRIBUTED AND THE LITTLE FOLKS WERE IN HIGH GLEE A VARIETY OF SPORTS WERE COMMENCED BY THEM IN WHICH SOME OF THEIR ELDERS ALSO TOOK A PART AND THUS THE HOURS SPED AWAY SO RAPIDLY,5,unknown
./dataset/5_librispeech_3440_171006_0013.wav,"(255520,)",44100,15.97,train.clean.100,3440,171006,3440_171006_0013,CREATE IN ME A CLEAN HEART O GOD AND RENEW A RIGHT SPIRIT WITHIN ME WHERE DID YOU LEARN ALL THIS HE ASKED LOOKING AT HER WITH MINGLED SURPRISE AND ADMIRATION IN THE BIBLE SIR SHE MODESTLY REPLIED YOU SEEM TO HAVE READ IT TO SOME PURPOSE SAID HE,5,unknown
./dataset/5_librispeech_3440_171009_0080.wav,"(80240,)",44100,5.015,train.clean.100,3440,171009,3440_171009_0080,THEN PLEASE KEEP IT FOR ME UNTIL TO MORROW PAPA WILL YOU YES HE SAID,5,unknown
./dataset/5_librispeech_3440_171006_0001.wav,"(209520,)",44100,13.095,train.clean.100,3440,171006,3440_171006_0001,SAYS THE APOSTLE PAUL I SAY THE TRUTH IN CHRIST I LIE NOT MY CONSCIENCE ALSO BEARING ME WITNESS IN THE HOLY GHOST THAT I HAVE GREAT HEAVINESS AND CONTINUAL SORROW IN MY HEART,5,unknown
./dataset/5_librispeech_3440_171009_0070.wav,"(191280,)",44100,11.955,train.clean.100,3440,171009,3440_171009_0070,THANK YOU DEAR PAPA THANK YOU VERY MUCH DOES IT PLEASE YOU MY DARLING HE ASKED STOOPING TO PRESS A KISS ON THE LITTLE UPTURNED FACE SO BRIGHT AND HAPPY YES PAPA,5,unknown
./dataset/5_librispeech_3440_171009_0051.wav,"(236000,)",44100,14.75,train.clean.100,3440,171009,3440_171009_0051,FOR SOME PERSONS TALK IN A VERY THOUGHTLESS WAY AND WITHOUT PERHAPS INTENDING TO BE EXACTLY UNTRUTHFUL SAY A GREAT DEAL THAT THEY REALLY DO NOT MEAN AND I SHOULD BE SORRY INDEED TO SEE MY LITTLE GIRL SO SPOILED BY ALL THIS SILLY FLATTERY,5,unknown
./dataset/5_librispeech_3440_171006_0003.wav,"(216880,)",44100,13.555,train.clean.100,3440,171006,3440_171006_0003,LOVING JESUS IT WOULD FAIN HAVE OTHERS LOVE HIM TOO IT DESIRES THE SALVATION OF ALL BUT FOR THAT OF ITS OWN DEAR ONES IT LONGS AND LABORS AND PRAYS IT IS LIKE JACOB WRESTLING WITH THE ANGEL WHEN HE SAID,5,unknown
./dataset/5_librispeech_3440_171009_0067.wav,"(195120,)",44100,12.195,train.clean.100,3440,171009,3440_171009_0067,BECAUSE MARY LESLIE'S DOLL WAS A LITTLE LARGER THAN HERS ELSIE HAD ALREADY RECEIVED A PRETTY BRACELET FROM HER AUNT ADELAIDE A NEEDLE CASE FROM LORA AND SEVERAL LITTLE GIFTS FROM HER YOUNG GUESTS,5,unknown
./dataset/5_librispeech_3440_171006_0028.wav,"(207360,)",44100,12.96,train.clean.100,3440,171006,3440_171006_0028,I WAS MUCH PLEASED WITH YOUR INTELLIGENT ANSWERS TO MISTER LEE LAST EVENING ELSIE SIGHED AND HER EYES FILLED WITH TEARS IT WAS NOT WHAT SHE WANTED WHAT AN ODD CHILD YOU ARE HE SAID LAUGHING,5,unknown
./dataset/5_librispeech_3440_171009_0063.wav,"(209200,)",44100,13.075,train.clean.100,3440,171009,3440_171009_0063,AND EVERY FACE BRIGHTENED WITH MIRTH AND EXPECTATION AND WHEN A MOMENT AFTER THE DOORS WERE THROWN OPEN THERE WAS A UNIVERSAL BURST OF APPLAUSE A LARGE CHRISTMAS TREE HAD BEEN SET UP AT THE FURTHER END OF THE ROOM,5,unknown
./dataset/5_librispeech_3440_171009_0054.wav,"(253280,)",44100,15.83,train.clean.100,3440,171009,3440_171009_0054,AND HE MOVED AWAY THINKING TO HIMSELF HOW STRANGELY THE TEACHINGS OF THAT BOOK SEEM TO PRESERVE MY CHILD FROM EVERY EVIL INFLUENCE A SIGH ESCAPED HIM THERE WAS LURKING WITHIN HIS BREAST A VAGUE CONSCIOUSNESS THAT HER FATHER NEEDED SUCH A SAFEGUARD,5,unknown
./dataset/5_librispeech_3440_171006_0008.wav,"(264480,)",44100,16.53,train.clean.100,3440,171006,3440_171006_0008,THEY WERE DISCUSSING THE QUESTION WHETHER OR NO A CHANGE OF HEART WERE NECESSARY TO SALVATION THE GENERAL OPINION SEEMED TO BE THAT IT WAS NOT AND ELSIE LISTENED WITH PAIN WHILE HER FATHER EXPRESSED HIS DECIDED CONVICTION THAT ALL WHO LED AN HONEST UPRIGHT MORAL LIFE,5,unknown
./dataset/5_librispeech_3440_171006_0027.wav,"(225760,)",44100,14.11,train.clean.100,3440,171006,3440_171006_0027,LAID HER HEAD ON HIS BREAST ASKING DEAR PAPA DON'T YOU BELIEVE THE BIBLE CERTAINLY DAUGHTER I AM NOT AN INFIDEL HE REPLIED IN A CARELESS TONE WELL THEN PAPA SHE CONTINUED HALF HESITATINGLY,5,unknown
./dataset/5_librispeech_3440_171006_0014.wav,"(256000,)",44100,16.0,train.clean.100,3440,171006,3440_171006_0014,AND NOW SINCE YOU CONSIDER THAT CHANGE SO NECESSARY CAN YOU TELL ME HOW IT IS TO BE BROUGHT ABOUT GOD'S HOLY SPIRIT ALONE CAN CHANGE A SINNER'S HEART SIR AND HOW AM I TO SECURE HIS AID HE ASKED ELSIE ANSWERED WITH A TEXT,5,unknown
./dataset/5_librispeech_3440_171009_0065.wav,"(237520,)",44100,14.845,train.clean.100,3440,171009,3440_171009_0065,MISSUS DINSMORE AND ADELAIDE APPROACHED THE TREE AND BEGAN THE PLEASANT TASK OF DISTRIBUTING THE GIFTS EVERYTHING WAS LABELLED AND EACH AS HIS OR HER NAME WAS CALLED OUT STEPPED FORWARD TO RECEIVE THE PRESENT NO ONE HAD BEEN FORGOTTEN EACH HAD SOMETHING,5,unknown
./dataset/5_librispeech_460_172357_0000.wav,"(228000,)",44100,14.25,train.clean.100,460,172357,460_172357_0000,I KNOW NO WAY IN WHICH A WRITER MAY MORE FITTINGLY INTRODUCE HIS WORK TO THE PUBLIC THAN BY GIVING A BRIEF ACCOUNT OF WHO AND WHAT HE IS BY THIS MEANS SOME OF THE BLAME FOR WHAT HE HAS DONE IS VERY PROPERLY SHIFTED TO THE EXTENUATING CIRCUMSTANCES OF HIS LIFE,5,unknown
./dataset/5_librispeech_3440_171009_0072.wav,"(242480,)",44100,15.155,train.clean.100,3440,171009,3440_171009_0072,STILL YOU HAVE NOT ANSWERED MY QUESTION HE SAID WITH A SMILE AS HE SAT DOWN AND DREW HER TO HIS SIDE ADDING IN A PLAYFUL TONE COME I AM NOT GOING TO PUT UP WITH ANY EVASION TELL ME TRULY IF YOU WOULD HAVE PREFERRED SOMETHING ELSE,5,unknown
./dataset/5_librispeech_460_172357_0001.wav,"(194480,)",44100,12.155,train.clean.100,460,172357,460_172357_0001,MY PARENTS MIGRATED TO CANADA IN EIGHTEEN SEVENTY SIX AND I DECIDED TO GO WITH THEM MY FATHER TOOK UP A FARM NEAR LAKE SIMCOE IN ONTARIO THIS WAS DURING THE HARD TIMES OF CANADIAN FARMING,5,unknown
./dataset/5_librispeech_460_172357_0011.wav,"(241120,)",44100,15.07,train.clean.100,460,172357,460_172357_0011,AN ABILITY TO THINK AND WHAT IS STILL BETTER TO STOP THINKING ALTOGETHER FOR MONTHS AT A TIME I HAVE WRITTEN A NUMBER OF THINGS IN CONNECTION WITH MY COLLEGE LIFE A BOOK ON POLITICAL SCIENCE AND MANY ESSAYS MAGAZINE ARTICLES AND SO ON,5,unknown
./dataset/5_librispeech_3440_171009_0056.wav,"(184000,)",44100,11.5,train.clean.100,3440,171009,3440_171009_0056,HOW PRETTY SHE LOOKS AND THERE'S THAT MISS STEVENS COMING OUT NOW HATEFUL THING I CAN'T BEAR HER COME ELSIE AND CARRY AND SHE RAN OUT CAROLINE AND ELSIE FOLLOWING,5,unknown
./dataset/5_librispeech_3440_171006_0021.wav,"(229440,)",44100,14.34,train.clean.100,3440,171006,3440_171006_0021,WHISPERED ELSIE WHO HAD A GREAT DREAD OF MISSUS DINSMORE'S ANGER VERY WELL THEN YOU MAY DO AS YOU LIKE HE REPLIED GIVING HER A GOOD NIGHT KISS AND WITH A GRACEFUL GOOD NIGHT TO THE COMPANY THE LITTLE GIRL LEFT THE ROOM,5,unknown
./dataset/5_librispeech_460_172357_0010.wav,"(234800,)",44100,14.675,train.clean.100,460,172357,460_172357_0010,WHILE I AM ABLE TO MIX WITH THE POORER OF THE BUSINESS MEN OF THE CITY ON TERMS OF SOMETHING LIKE EQUALITY IN POINT OF LEISURE I ENJOY MORE IN THE FOUR CORNERS OF A SINGLE YEAR THAN A BUSINESS MAN KNOWS IN HIS WHOLE LIFE I THUS HAVE WHAT THE BUSINESS MAN CAN NEVER ENJOY,5,unknown
./dataset/5_librispeech_3440_171006_0006.wav,"(247600,)",44100,15.475,train.clean.100,3440,171006,3440_171006_0006,IT WAS BECAUSE HE CONSIDERED IT PROPER AND RESPECTABLE TO DO SO AND NOT THAT HE CARED TO WORSHIP GOD OR TO LEARN HIS WILL THIS CONVICTION WHICH HAD GRADUALLY DAWNED UPON ELSIE UNTIL NOW IT AMOUNTED TO CERTAINTY CAUSED HER GREAT GRIEF,5,unknown
./dataset/5_librispeech_3440_171009_0048.wav,"(227440,)",44100,14.215,train.clean.100,3440,171009,3440_171009_0048,AS I CANNOT SEE THAT ELSIE BEARS THE SLIGHTEST RESEMBLANCE TO ME OR ANY OF MY FAMILY SHE IS VERY LIKE HER MOTHER THOUGH HE ADDED WITH A HALF SIGH AND A TENDER LOVING GLANCE AT HIS LITTLE GIRL AND THAT IS JUST WHAT I WOULD HAVE HER,5,unknown
./dataset/5_librispeech_3440_171006_0017.wav,"(252400,)",44100,15.775,train.clean.100,3440,171006,3440_171006_0017,WITH MEEKNESS AND FEAR THEN RAISING HER EYES TO HIS FACE WITH A TOUCHING MIXTURE OF DEEP HUMILITY AND HOLY BOLDNESS SHE CONTINUED AND THIS SIR IS MY ANSWER JESUS SAYS HIM THAT COMETH UNTO ME I WILL IN NO WISE CAST OUT,5,unknown
./dataset/5_librispeech_460_172357_0009.wav,"(176160,)",44100,11.01,train.clean.100,460,172357,460_172357_0009,I AM ABLE TO REGARD MYSELF AS SINGULARLY FORTUNATE THE EMOLUMENT IS SO HIGH AS TO PLACE ME DISTINCTLY ABOVE THE POLICEMEN POSTMEN STREET CAR CONDUCTORS AND OTHER SALARIED OFFICIALS OF THE NEIGHBOURHOOD,5,unknown
./dataset/5_librispeech_3440_171009_0058.wav,"(213440,)",44100,13.34,train.clean.100,3440,171009,3440_171009_0058,NO LUCY I MUST OBEY MY FATHER ELSIE ANSWERED IN A VERY PLEASANT BUT NO LESS DECIDED TONE SOME ONE CAUGHT HER ROUND THE WAIST AND LIFTED HER UP OH PAPA SHE EXCLAIMED I DID NOT KNOW YOU WERE THERE,5,unknown
./dataset/5_librispeech_3440_171009_0076.wav,"(231120,)",44100,14.445,train.clean.100,3440,171009,3440_171009_0076,DO YOU LIKE IT PAPA SHE ASKED HER FACE GLOWING WITH DELIGHT TO SEE HOW PLEASED HE WAS YES DARLING VERY MUCH AND I SHALL ALWAYS THINK OF MY LITTLE GIRL WHEN I USE IT KEEP IT IN YOUR POCKET AND USE IT EVERY DAY WON'T YOU PAPA,5,unknown
./dataset/5_librispeech_3440_171009_0053.wav,"(230960,)",44100,14.435,train.clean.100,3440,171009,3440_171009_0053,FAVOR IS DECEITFUL AND BEAUTY IS VAIN AND IN ANOTHER PLACE HE THAT FLATTERETH HIS NEIGHBOR SPREADETH A NET FOR HIS FEET SO I WILL TRY TO KEEP AWAY FROM THAT LADY SHALL I NOT PAPA WHENEVER YOU CAN DO SO WITHOUT RUDENESS DAUGHTER,5,unknown
./dataset/5_librispeech_3440_171009_0082.wav,"(116560,)",44100,7.285,train.clean.100,3440,171009,3440_171009_0082,THAT ELSIE WAS VERY MUCH SURPRISED WHEN HER FATHER CALLED HER TO GO TO BED IS IT HALF PAST NINE ALREADY PAPA SHE ASKED,5,unknown
./dataset/5_librispeech_3440_171006_0026.wav,"(218080,)",44100,13.63,train.clean.100,3440,171006,3440_171006_0026,IT IS ALWAYS NEW AND I DO LOVE IT SO IT IS SO VERY SWEET MAY I READ A LITTLE TO YOU SHE ADDED COAXINGLY YES I LOVE TO LISTEN TO ANYTHING READ BY MY DARLING HE SAID SITTING DOWN AND TAKING HER ON HIS KNEE,5,unknown
./dataset/5_librispeech_3440_171009_0062.wav,"(60240,)",44100,3.765,train.clean.100,3440,171009,3440_171009_0062,THAT THEIR CURIOSITY WAS NOW ON THE POINT OF BEING GRATIFIED,5,unknown
./dataset/5_librispeech_460_172357_0017.wav,"(144720,)",44100,9.045,train.clean.100,460,172357,460_172357_0017,BUT TO WRITE SOMETHING OUT OF ONE'S OWN MIND WORTH READING FOR ITS OWN SAKE IS AN ARDUOUS CONTRIVANCE ONLY TO BE ACHIEVED IN FORTUNATE MOMENTS FEW AND FAR BETWEEN,5,unknown
./dataset/5_librispeech_3440_171006_0023.wav,"(193440,)",44100,12.09,train.clean.100,3440,171006,3440_171006_0023,YES REMARKED TRAVILLA A TEXT HAS BEEN RUNNING IN MY HEAD EVER SINCE YOU COMMENCED YOUR CONVERSATION SOMETHING ABOUT THESE THINGS BEING HID FROM THE WISE AND PRUDENT AND REVEALED UNTO BABES AND HE ADDED,5,unknown
./dataset/5_librispeech_460_172357_0012.wav,"(232720,)",44100,14.545,train.clean.100,460,172357,460_172357_0012,A FEW YEARS AGO I WENT ALL ROUND THE BRITISH EMPIRE DELIVERING ADDRESSES ON IMPERIAL ORGANIZATION WHEN I STATE THAT THESE LECTURES WERE FOLLOWED ALMOST IMMEDIATELY BY THE UNION OF SOUTH AFRICA THE BANANA RIOTS IN TRINIDAD AND THE TURCO ITALIAN WAR,5,unknown
./dataset/5_librispeech_460_172357_0016.wav,"(189200,)",44100,11.825,train.clean.100,460,172357,460_172357_0016,MANY OF MY FRIENDS ARE UNDER THE IMPRESSION THAT I WRITE THESE HUMOROUS NOTHINGS IN IDLE MOMENTS WHEN THE WEARIED BRAIN IS UNABLE TO PERFORM THE SERIOUS LABOURS OF THE ECONOMIST MY OWN EXPERIENCE IS EXACTLY THE OTHER WAY,5,unknown
./dataset/5_librispeech_3440_171009_0078.wav,"(247200,)",44100,15.45,train.clean.100,3440,171009,3440_171009_0078,NOT TO NIGHT TO MORROW AFTER BREAKFAST YOU MAY EAT THE CREAM CANDY AND THE ROCK BUT NONE OF THE OTHERS THEY ARE COLORED AND VERY UNWHOLESOME WON'T YOU EAT SOME PAPA SHE ASKED WITH WINNING SWEETNESS NO DEAREST HE SAID,5,unknown
./dataset/5_librispeech_3440_171006_0025.wav,"(243920,)",44100,15.245,train.clean.100,3440,171006,3440_171006_0025,SHE ASKED RAISING HER HEAD TO GIVE HIM A SMILE OF JOYFUL WELCOME I DID NOT KNOW YOU WERE THERE AH I HAVE BEEN WATCHING YOU FOR SEVERAL MINUTES HE SAID ALWAYS PORING OVER THE SAME BOOK ELSIE DO YOU NEVER TIRE OF IT NO INDEED PAPA,5,unknown
./dataset/5_librispeech_4263_16187_0022.wav,"(213920,)",44100,13.37,train.other.500,4263,16187,4263_16187_0022,EACH BRINGING AN ADVANCING CRESCENDO OF WORK BUT OH THE HAPPY DAYS FOR BETTY LIVED IN A WORLD ALL HER OWN WHEREIN HER PLAY WAS AS REAL AS HER WORK AND LABOR WAS TURNED BY HER IMAGINATIVE LITTLE MIND INTO NEW FORMS OF PLAY,5,unknown
./dataset/5_librispeech_4263_20411_0017.wav,"(114400,)",44100,7.15,train.other.500,4263,20411,4263_20411_0017,KEEP YOU HANGING ABOUT TO GIVE EVIDENCE STILL YOU ARE QUITE RIGHT WE CAN'T STAND BY AND SEE THE POOR DEVIL POISONED WITHOUT MAKING SOME EFFORT,5,unknown
./dataset/5_librispeech_4263_20411_0011.wav,"(164560,)",44100,10.285,train.other.500,4263,20411,4263_20411_0011,BY THE WAY YOU ARE NOT ANXIOUS TO BE OFF I SUPPOSE AS A MATTER OF FACT I WAS FOR I HAD DECIDED TO ACCEPT THORNDYKE'S OFFER AND WAS NOW EAGER TO TAKE UP MY DUTIES WITH HIM,5,unknown
./dataset/5_librispeech_4263_20411_0000.wav,"(35840,)",44100,2.24,train.other.500,4263,20411,4263_20411_0000,WEISS WOULD CALL IN SOME OTHER DOCTOR,5,unknown
./dataset/5_librispeech_4263_20411_0032.wav,"(35360,)",44100,2.21,train.other.500,4263,20411,4263_20411_0032,BUT YOU OVERRATE OUR POWERS,5,unknown
./dataset/5_librispeech_4263_20411_0021.wav,"(76160,)",44100,4.76,train.other.500,4263,20411,4263_20411_0021,THE SUGGESTION MET MY VIEWS EXACTLY AS SOON AS WE HAD FINISHED TEA WE SET FORTH,5,unknown
./dataset/5_librispeech_4263_20411_0029.wav,"(189280,)",44100,11.83,train.other.500,4263,20411,4263_20411_0029,IT SEEMS A PITY NOT TO TAKE SOME MEASURES I SAID WHILE YOU ARE WAITING TO HEAR SOMETHING FURTHER THEY MAY GIVE THE POOR WRETCH A FRESH DOSE AND KILL HIM IN WHICH CASE WE SHOULD HEAR SOMETHING FURTHER,5,unknown
./dataset/5_librispeech_4263_20411_0013.wav,"(206400,)",44100,12.9,train.other.500,4263,20411,4263_20411_0013,THERE WERE ONE OR TWO UNUSUAL CASES ON THE LIST AND AS WE MARKED OFF OUR RESPECTIVE PATIENTS I GAVE HIM THE HISTORIES IN BRIEF SYNOPSIS AND THEN I OPENED THE SUBJECT OF MY MYSTERIOUS EXPERIENCES AT THE HOUSE OF MISTER WEISS,5,unknown
./dataset/5_librispeech_4263_16187_0028.wav,"(43200,)",44100,2.7,train.other.500,4263,16187,4263_16187_0028,AND HID HER FACE ON THEM WHILE SHE REPENTED VERY HARD,5,unknown
./dataset/5_librispeech_4263_20411_0035.wav,"(251440,)",44100,15.715,train.other.500,4263,20411,4263_20411_0035,SUSPICION ISN'T EVIDENCE WE SHOULD WANT YOU TO SWEAR AN INFORMATION AND GIVE US ENOUGH FACTS TO MAKE OUT A PRIMA FACIE CASE AGAINST SOME DEFINITE PERSON AND YOU COULDN'T DO IT YOUR INFORMATION AMOUNTS TO THIS THAT A CERTAIN PERSON HAS TAKEN A POISONOUS DOSE OF MORPHINE AND APPARENTLY RECOVERED THAT'S ALL,5,unknown
./dataset/5_librispeech_4263_20411_0005.wav,"(221440,)",44100,13.84,train.other.500,4263,20411,4263_20411_0005,MEMBERS OF A CERTAIN BENEFIT CLUB WHICH ACCOUNTED FOR THE REMARKABLE SUDDENNESS OF THE OUTBREAK OF COURSE MY CONTEMPLATED VISIT TO THORNDYKE WAS OUT OF THE QUESTION I SHOULD HAVE TO ACT ON MY OWN RESPONSIBILITY BUT,5,unknown
./dataset/5_librispeech_4263_20411_0027.wav,"(70880,)",44100,4.43,train.other.500,4263,20411,4263_20411_0027,BUT I THINK THAT IS ALL WE CAN DO UNLESS WE HEAR SOMETHING FURTHER BUT,5,unknown
./dataset/5_librispeech_4263_20411_0015.wav,"(228720,)",44100,14.295,train.other.500,4263,20411,4263_20411_0015,STILLBURY'S FACE CLEARED INSTANTLY OH I'M GLAD IT'S NOTHING MORE THAN THAT HE SAID WITH AN AIR OF RELIEF I WAS AFRAID IT WAS SOME CONFOUNDED WOMAN THERE'S ALWAYS THAT DANGER YOU KNOW WHEN A LOCUM IS YOUNG AND HAPPENS IF I MAY SAY SO JERVIS TO BE A GOOD LOOKING FELLOW,5,unknown
./dataset/5_librispeech_4263_20411_0030.wav,"(151120,)",44100,9.445,train.other.500,4263,20411,4263_20411_0030,I QUITE AGREE WITH YOU SIR BUT WE'VE NO EVIDENCE THAT HE IS GOING TO DIE HIS FRIENDS SENT FOR YOU AND YOU TREATED HIM SKILFULLY AND LEFT HIM IN A FAIR WAY TO RECOVERY,5,unknown
./dataset/5_librispeech_4263_20411_0014.wav,"(236640,)",44100,14.79,train.other.500,4263,20411,4263_20411_0014,THERE'S ANOTHER AFFAIR THAT I WANT TO TELL YOU ABOUT RATHER AN UNPLEASANT BUSINESS OH DEAR EXCLAIMED STILLBURY HE PUT DOWN HIS CUP AND REGARDED ME WITH QUITE PAINFUL ANXIETY IT LOOKS TO ME LIKE AN UNDOUBTED CASE OF CRIMINAL POISONING I CONTINUED,5,unknown
./dataset/5_librispeech_4263_20411_0018.wav,"(47440,)",44100,2.965,train.other.500,4263,20411,4263_20411_0018,DON'T YOU REALLY NO I DON'T,5,unknown
./dataset/5_librispeech_4263_20411_0004.wav,"(77760,)",44100,4.86,train.other.500,4263,20411,4263_20411_0004,AN EPIDEMIC OF INFLUENZA HAD DESCENDED ON THE NEIGHBOURHOOD AND I WAS GETTING NOT ONLY,5,unknown
./dataset/5_librispeech_4263_16187_0024.wav,"(82880,)",44100,5.18,train.other.500,4263,16187,4263_16187_0024,MADE HER WISH WITH ALL THE INTENSITY OF HER SENSITIVE SOUL THAT SHE MIGHT CONFESS TO SOME ONE WHAT SHE HAD DONE,5,unknown
./dataset/5_librispeech_4263_20411_0020.wav,"(158880,)",44100,9.93,train.other.500,4263,20411,4263_20411_0020,THERE OUGHT NOT TO BE ANY DELAY SAID I THERE NEEDN'T BE I SHALL LOOK IN ON MISSUS WACKFORD AND YOU HAVE TO SEE THE RUMMEL CHILDREN WE SHALL PASS THE STATION ON OUR WAY,5,unknown
./dataset/5_librispeech_4263_20411_0001.wav,"(239040,)",44100,14.94,train.other.500,4263,20411,4263_20411_0001,THIS WAS MY VIEW BUT I MEANT TO HAVE THORNDYKE'S OPINION AND ACT UNDER HIS DIRECTION BUT THE BEST LAID PLANS OF MICE AND MEN GANG AFT AGLEY WHEN I CAME DOWNSTAIRS AND TOOK A PRELIMINARY GLANCE AT THE ROUGH MEMORANDUM BOOK KEPT BY THE BOTTLE BOY,5,unknown
./dataset/4_librispeech_6930_75918_0004.wav,"(177040,)",48000,11.065,test.clean,6930,75918,6930_75918_0004,SHE TAUGHT HER DAUGHTER THEN BY HER OWN AFFECTION FOR IT THAT LOVE FOR A COUNTRY WHERE THEY HAD BOTH BEEN HOSPITABLY RECEIVED AND WHERE A BRILLIANT FUTURE OPENED BEFORE THEM,4,unknown
./dataset/4_librispeech_6930_76324_0017.wav,"(86560,)",48000,5.41,test.clean,6930,76324,6930_76324_0017,OH LET HIM COME ALONG SHE URGED I DO LOVE TO SEE HIM ABOUT THAT OLD HOUSE,4,unknown
./dataset/4_librispeech_6930_76324_0011.wav,"(147840,)",48000,9.24,test.clean,6930,76324,6930_76324_0011,THEY WORRY ME TERRIBLY AND BESIDES I'D LIKE TO SEE WHAT THIS LOVELY FURNITURE LOOKS LIKE WITHOUT SUCH QUANTITIES OF DUST ALL OVER IT GOOD SCHEME CYN,4,unknown
./dataset/4_librispeech_6930_76324_0000.wav,"(48400,)",48000,3.025,test.clean,6930,76324,6930_76324_0000,GOLIATH MAKES ANOTHER DISCOVERY,4,unknown
./dataset/4_librispeech_6930_81414_0003.wav,"(52720,)",48000,3.295,test.clean,6930,81414,6930_81414_0003,NO SOUND BROKE THE STILLNESS OF THE NIGHT,4,unknown
./dataset/4_librispeech_6930_76324_0021.wav,"(117680,)",48000,7.355,test.clean,6930,76324,6930_76324_0021,SURFACE DUST AT LEAST HAD BEEN REMOVED AND THE FINE OLD FURNITURE GAVE A HINT OF ITS REAL ELEGANCE AND POLISH,4,unknown
./dataset/4_librispeech_6930_81414_0000.wav,"(206320,)",48000,12.895,test.clean,6930,81414,6930_81414_0000,NO WORDS WERE SPOKEN NO LANGUAGE WAS UTTERED SAVE THAT OF WAILING AND HISSING AND THAT SOMEHOW WAS INDISTINCT AS IF IT EXISTED IN FANCY AND NOT IN REALITY,4,unknown
./dataset/4_librispeech_6930_76324_0013.wav,"(68880,)",48000,4.305,test.clean,6930,76324,6930_76324_0013,IT CAN'T HURT ANYTHING I'M SURE FOR WE WON'T DISTURB THINGS AT ALL,4,unknown
./dataset/4_librispeech_6930_75918_0010.wav,"(48560,)",48000,3.035,test.clean,6930,75918,6930_75918_0010,I CAN PERCEIVE LOVE CLEARLY ENOUGH,4,unknown
./dataset/4_librispeech_6930_81414_0006.wav,"(108800,)",48000,6.8,test.clean,6930,81414,6930_81414_0006,WHAT THEN A HUMAN HAND LARGE AND SHAPELY APPEARED DISTINCTLY ON THE SURFACE OF THE POND,4,unknown
./dataset/4_librispeech_6930_76324_0005.wav,"(80560,)",48000,5.035,test.clean,6930,76324,6930_76324_0005,THE TWIN BROTHER DID SOMETHING SHE DIDN'T LIKE AND SHE TURNED HIS PICTURE TO THE WALL,4,unknown
./dataset/4_librispeech_6930_76324_0027.wav,"(132320,)",48000,8.27,test.clean,6930,76324,6930_76324_0027,FORGETTING ALL THEIR WEARINESS THEY SEIZED THEIR CANDLES AND SCURRIED THROUGH THE HOUSE FINDING AN OCCASIONAL PAPER TUCKED AWAY IN SOME ODD CORNER,4,unknown
./dataset/4_librispeech_6930_76324_0015.wav,"(198480,)",48000,12.405,test.clean,6930,76324,6930_76324_0015,SMUGGLING THE HOUSE CLEANING PARAPHERNALIA INTO THE CELLAR WINDOW UNOBSERVED THAT AFTERNOON PROVED NO EASY TASK FOR CYNTHIA HAD ADDED A WHISK BROOM AND DUST PAN TO THE OUTFIT,4,unknown
./dataset/4_librispeech_6930_81414_0001.wav,"(279760,)",48000,17.485,test.clean,6930,81414,6930_81414_0001,I HEARD A NOISE BEHIND I TURNED AND SAW KAFFAR HIS BLACK EYES SHINING WHILE IN HIS HAND HE HELD A GLEAMING KNIFE HE LIFTED IT ABOVE HIS HEAD AS IF TO STRIKE BUT I HAD THE STRENGTH OF TEN MEN AND I HURLED HIM FROM ME,4,unknown
./dataset/4_librispeech_6930_76324_0014.wav,"(75520,)",48000,4.72,test.clean,6930,76324,6930_76324_0014,THIS THOUGHT HOWEVER DID NOT ENTER THE HEADS OF THE ENTHUSIASTIC PAIR,4,unknown
./dataset/4_librispeech_6930_76324_0018.wav,"(34240,)",48000,2.14,test.clean,6930,76324,6930_76324_0018,HE MAKES IT SORT OF COZIER,4,unknown
./dataset/4_librispeech_6930_76324_0004.wav,"(98400,)",48000,6.15,test.clean,6930,76324,6930_76324_0004,BUT JOYCE HAD NOT BEEN LISTENING ALL AT ONCE SHE PUT DOWN HER CANDLE ON THE TABLE AND FACED HER COMPANION,4,unknown
./dataset/4_librispeech_6930_75918_0006.wav,"(93600,)",48000,5.85,test.clean,6930,75918,6930_75918_0006,THIS HAS INDEED BEEN A HARASSING DAY CONTINUED THE YOUNG MAN HIS EYES FIXED UPON HIS FRIEND,4,unknown
./dataset/4_librispeech_6930_76324_0020.wav,"(101040,)",48000,6.315,test.clean,6930,76324,6930_76324_0020,YET LITTLE AS IT WAS IT HAD ALREADY MADE A VAST DIFFERENCE IN THE ASPECT OF THE ROOM,4,unknown
./dataset/4_librispeech_6930_76324_0001.wav,"(51200,)",48000,3.2,test.clean,6930,76324,6930_76324_0001,THEY WERE CERTAINLY NO NEARER THE SOLUTION OF THEIR PROBLEM,4,unknown
./dataset/4_librispeech_7902_96591_0004.wav,"(57680,)",48000,3.605,test.other,7902,96591,7902_96591_0004,THAT MY FATHER SIR RISDON GRAEME HAS SMUGGLED GOODS HERE,4,unknown
./dataset/4_librispeech_7902_96592_0013.wav,"(77600,)",48000,4.85,test.other,7902,96592,7902_96592_0013,ONCE OUT OF THAT ROOM HE COULD RAN AND BY DAYLIGHT THE SMUGGLERS DARE NOT HUNT HIM DOWN,4,unknown
./dataset/4_librispeech_7902_96592_0007.wav,"(82240,)",48000,5.14,test.other,7902,96592,7902_96592_0007,BUT HOW QUEER FOR MISTER GURR TO BE TALKING LIKE THAT TO ANDREW TEAL THE BOY WHO HELPED THE COOK,4,unknown
./dataset/4_librispeech_7902_96591_0021.wav,"(47360,)",48000,2.96,test.other,7902,96591,7902_96591_0021,A NARROW TABLE AGAINST THE WALL IN TWO PLACES,4,unknown
./dataset/4_librispeech_7902_96592_0028.wav,"(198560,)",48000,12.41,test.other,7902,96592,7902_96592_0028,A HAPPY INSPIRATION HAD COME AND PLACING ONE HAND UPON HIS BREAST HE THRUST IN THE OTHER GAVE A TUG AND DREW OUT HIS LITTLE CURVED DIRK GLANCED AT THE EDGE RAN TO THE WINDOW AND BEGAN TO CUT AT ONE OF THE BARS LABOUR IN VAIN,4,unknown
./dataset/4_librispeech_7902_96592_0017.wav,"(51920,)",48000,3.245,test.other,7902,96592,7902_96592_0017,GO ROUND AND OPEN THE DOOR I WAS SHUT IN LAST NIGHT BY MISTAKE,4,unknown
./dataset/4_librispeech_7902_96592_0025.wav,"(54880,)",48000,3.43,test.other,7902,96592,7902_96592_0025,ARCHY STEPPED BACK TO THE DOOR LISTENING BUT THERE WAS NOT A SOUND,4,unknown
./dataset/4_librispeech_7902_96592_0009.wav,"(78560,)",48000,4.91,test.other,7902,96592,7902_96592_0009,THERE WAS AN INTERVAL OF THINKING OVER THIS KNOTTY QUESTION DURING WHICH THE LOW WHISTLING WENT ON,4,unknown
./dataset/4_librispeech_7902_96591_0010.wav,"(108960,)",48000,6.81,test.other,7902,96591,7902_96591_0010,COLD WATER CAME ON THIS IDEA DIRECTLY AS HE RECALLED THE FACT THAT THE DARKNESS WAS INTENSE AND CELIA COULD NOT HAVE SEEN HIM,4,unknown
./dataset/4_librispeech_7902_96592_0031.wav,"(67840,)",48000,4.24,test.other,7902,96592,7902_96592_0031,BUT AT THE END OF FIVE MINUTES HE STOPPED AND THRUST BACK THE DIRK INTO ITS SHEATH,4,unknown
./dataset/4_librispeech_3440_171009_0049.wav,"(129680,)",48000,8.105,train.clean.100,3440,171009,3440_171009_0049,IT IS SUCH A LOVELY DAY BUT HOW SOON DO YOU START AS SOON AS THE LADIES CAN BE READY THE HORSES WILL BE AT THE DOOR IN A VERY FEW MOMENTS,4,unknown
./dataset/4_librispeech_3440_171006_0000.wav,"(256400,)",48000,16.025,train.clean.100,3440,171006,3440_171006_0000,IN THAT HOUR JESUS REJOICED IN SPIRIT AND SAID I THANK THEE O FATHER LORD OF HEAVEN AND EARTH THAT THOU HAST HID THESE THINGS FROM THE WISE AND PRUDENT AND HAST REVEALED THEM UNTO BABES EVEN SO FATHER FOR SO IT SEEMED GOOD IN THY SIGHT,4,unknown
./dataset/4_librispeech_3440_171009_0077.wav,"(38000,)",48000,2.375,train.clean.100,3440,171009,3440_171009_0077,AND HE LAUGHED AND STROKED HER HAIR,4,unknown
./dataset/4_librispeech_3440_171009_0066.wav,"(236560,)",48000,14.785,train.clean.100,3440,171009,3440_171009_0066,AND ALMOST EVERY ONE HAD SEVERAL PRETTY PRESENTS MARY LESLIE AND LITTLE FLORA ARNOTT WERE MADE PERFECTLY HAPPY WITH WAX DOLLS THAT COULD OPEN AND SHUT THEIR EYES CAROLINE HOWARD RECEIVED A GOLD CHAIN FROM HER MAMMA AND A PRETTY PIN FROM ELSIE,4,unknown
./dataset/4_librispeech_3440_171006_0015.wav,"(182000,)",48000,11.375,train.clean.100,3440,171006,3440_171006_0015,SHE REPLIED THE SWEET LITTLE FACE ALL SUFFUSED WITH BLUSHES AND THE SOFT DOWNCAST EYES FILLING WITH TEARS WHY DO YOU THINK SO HE ASKED AGAIN,4,unknown
./dataset/4_librispeech_3440_171006_0004.wav,"(223600,)",48000,13.975,train.clean.100,3440,171006,3440_171006_0004,I WILL NOT LET THEE GO EXCEPT THOU BLESS ME AND THUS IT WAS WITH ELSIE SHE KNEW NOW THAT HER FATHER WAS NOT A CHRISTIAN THAT HE HAD NO REAL LOVE FOR JESUS NONE OF THE TRUE FEAR OF GOD BEFORE HIS EYES,4,unknown
./dataset/4_librispeech_3440_171006_0012.wav,"(243920,)",48000,15.245,train.clean.100,3440,171006,3440_171006_0012,MARVEL NOT THAT I SAID UNTO THEE YE MUST BE BORN AGAIN SHE REPEATED THESE WORDS OF INSPIRATION WITH A DEEP EARNEST SOLEMNITY THAT SEEMED TO IMPRESS EVERY HEARER FOR A MOMENT THERE WAS A DEEP HUSH IN THE ROOM THEN THE GENTLEMAN ASKED,4,unknown
./dataset/4_librispeech_3440_171009_0079.wav,"(206960,)",48000,12.935,train.clean.100,3440,171009,3440_171009_0079,FOR THOUGH I TOO AM FOND OF SWEET THINGS I WILL NOT EAT THEM WHILE I REFUSE THEM TO YOU DO PAPA SHE URGED IT WOULD GIVE ME PLEASURE TO SEE YOU ENJOYING IT NO DARLING I WILL WAIT UNTIL TO MORROW TOO,4,unknown
./dataset/4_librispeech_3440_171009_0055.wav,"(175120,)",48000,10.945,train.clean.100,3440,171009,3440_171009_0055,BUT HAD IT NOT LUCY WHO WAS STANDING AT THE WINDOW TURNED QUICKLY ROUND COME GIRLS SHE SAID LET US RUN OUT AND SEE THEM OFF THEY'RE BRINGING UP THE HORSES,4,unknown
./dataset/4_librispeech_3440_171006_0018.wav,"(254560,)",48000,15.91,train.clean.100,3440,171006,3440_171006_0018,AND I BELIEVE HIM I DID GO TO HIM AND HE DID NOT CAST ME OUT BUT FORGAVE MY SINS AND TAUGHT ME TO LOVE HIM AND DESIRE TO SERVE HIM ALL MY LIFE THIS CONVERSATION BETWEEN THE GENTLEMAN AND THE LITTLE GIRL HAD DRAWN THE ATTENTION OF ALL PRESENT,4,unknown
./dataset/4_librispeech_3440_171009_0071.wav,"(258480,)",48000,16.155,train.clean.100,3440,171009,3440_171009_0071,THE VERY PRETTIEST RING I EVER SAW YET I THINK THERE IS SOMETHING ELSE YOU WOULD HAVE LIKED BETTER IS THERE NOT HE ASKED LOOKING SEARCHINGLY INTO HER FACE DEAR PAPA I LIKE IT VERY MUCH I WOULD RATHER HAVE IT THAN ANYTHING ELSE ON THE TREE,4,unknown
./dataset/4_librispeech_3440_171006_0010.wav,"(240480,)",48000,15.03,train.clean.100,3440,171006,3440_171006_0010,ELSIE FIXED HER EYES ON HIS FACE WITH A VERY MOURNFUL GAZE WHILE HE WAS SPEAKING BUT HE WAS BUSY WITH HIS ARGUMENT AND DID NOT NOTICE HER BUT ONE OF THE GUESTS WAS JUST EXPRESSING HIS APPROVAL OF MISTER DINSMORE'S SENTIMENTS WHEN CATCHING SIGHT OF ELSIE'S FACE,4,unknown
./dataset/4_librispeech_3440_171009_0081.wav,"(199360,)",48000,12.46,train.clean.100,3440,171009,3440_171009_0081,AND THEN AS THE GIFTS HAD ALL BEEN DISTRIBUTED AND THE LITTLE FOLKS WERE IN HIGH GLEE A VARIETY OF SPORTS WERE COMMENCED BY THEM IN WHICH SOME OF THEIR ELDERS ALSO TOOK A PART AND THUS THE HOURS SPED AWAY SO RAPIDLY,4,unknown
./dataset/4_librispeech_3440_171006_0013.wav,"(255520,)",48000,15.97,train.clean.100,3440,171006,3440_171006_0013,CREATE IN ME A CLEAN HEART O GOD AND RENEW A RIGHT SPIRIT WITHIN ME WHERE DID YOU LEARN ALL THIS HE ASKED LOOKING AT HER WITH MINGLED SURPRISE AND ADMIRATION IN THE BIBLE SIR SHE MODESTLY REPLIED YOU SEEM TO HAVE READ IT TO SOME PURPOSE SAID HE,4,unknown
./dataset/4_librispeech_3440_171009_0080.wav,"(80240,)",48000,5.015,train.clean.100,3440,171009,3440_171009_0080,THEN PLEASE KEEP IT FOR ME UNTIL TO MORROW PAPA WILL YOU YES HE SAID,4,unknown
./dataset/4_librispeech_3440_171006_0001.wav,"(209520,)",48000,13.095,train.clean.100,3440,171006,3440_171006_0001,SAYS THE APOSTLE PAUL I SAY THE TRUTH IN CHRIST I LIE NOT MY CONSCIENCE ALSO BEARING ME WITNESS IN THE HOLY GHOST THAT I HAVE GREAT HEAVINESS AND CONTINUAL SORROW IN MY HEART,4,unknown
./dataset/4_librispeech_3440_171009_0070.wav,"(191280,)",48000,11.955,train.clean.100,3440,171009,3440_171009_0070,THANK YOU DEAR PAPA THANK YOU VERY MUCH DOES IT PLEASE YOU MY DARLING HE ASKED STOOPING TO PRESS A KISS ON THE LITTLE UPTURNED FACE SO BRIGHT AND HAPPY YES PAPA,4,unknown
./dataset/4_librispeech_3440_171009_0051.wav,"(236000,)",48000,14.75,train.clean.100,3440,171009,3440_171009_0051,FOR SOME PERSONS TALK IN A VERY THOUGHTLESS WAY AND WITHOUT PERHAPS INTENDING TO BE EXACTLY UNTRUTHFUL SAY A GREAT DEAL THAT THEY REALLY DO NOT MEAN AND I SHOULD BE SORRY INDEED TO SEE MY LITTLE GIRL SO SPOILED BY ALL THIS SILLY FLATTERY,4,unknown
./dataset/4_librispeech_3440_171006_0003.wav,"(216880,)",48000,13.555,train.clean.100,3440,171006,3440_171006_0003,LOVING JESUS IT WOULD FAIN HAVE OTHERS LOVE HIM TOO IT DESIRES THE SALVATION OF ALL BUT FOR THAT OF ITS OWN DEAR ONES IT LONGS AND LABORS AND PRAYS IT IS LIKE JACOB WRESTLING WITH THE ANGEL WHEN HE SAID,4,unknown
./dataset/4_librispeech_3440_171009_0067.wav,"(195120,)",48000,12.195,train.clean.100,3440,171009,3440_171009_0067,BECAUSE MARY LESLIE'S DOLL WAS A LITTLE LARGER THAN HERS ELSIE HAD ALREADY RECEIVED A PRETTY BRACELET FROM HER AUNT ADELAIDE A NEEDLE CASE FROM LORA AND SEVERAL LITTLE GIFTS FROM HER YOUNG GUESTS,4,unknown
./dataset/4_librispeech_3440_171006_0028.wav,"(207360,)",48000,12.96,train.clean.100,3440,171006,3440_171006_0028,I WAS MUCH PLEASED WITH YOUR INTELLIGENT ANSWERS TO MISTER LEE LAST EVENING ELSIE SIGHED AND HER EYES FILLED WITH TEARS IT WAS NOT WHAT SHE WANTED WHAT AN ODD CHILD YOU ARE HE SAID LAUGHING,4,unknown
./dataset/4_librispeech_3440_171009_0063.wav,"(209200,)",48000,13.075,train.clean.100,3440,171009,3440_171009_0063,AND EVERY FACE BRIGHTENED WITH MIRTH AND EXPECTATION AND WHEN A MOMENT AFTER THE DOORS WERE THROWN OPEN THERE WAS A UNIVERSAL BURST OF APPLAUSE A LARGE CHRISTMAS TREE HAD BEEN SET UP AT THE FURTHER END OF THE ROOM,4,unknown
./dataset/4_librispeech_3440_171009_0054.wav,"(253280,)",48000,15.83,train.clean.100,3440,171009,3440_171009_0054,AND HE MOVED AWAY THINKING TO HIMSELF HOW STRANGELY THE TEACHINGS OF THAT BOOK SEEM TO PRESERVE MY CHILD FROM EVERY EVIL INFLUENCE A SIGH ESCAPED HIM THERE WAS LURKING WITHIN HIS BREAST A VAGUE CONSCIOUSNESS THAT HER FATHER NEEDED SUCH A SAFEGUARD,4,unknown
./dataset/4_librispeech_3440_171006_0008.wav,"(264480,)",48000,16.53,train.clean.100,3440,171006,3440_171006_0008,THEY WERE DISCUSSING THE QUESTION WHETHER OR NO A CHANGE OF HEART WERE NECESSARY TO SALVATION THE GENERAL OPINION SEEMED TO BE THAT IT WAS NOT AND ELSIE LISTENED WITH PAIN WHILE HER FATHER EXPRESSED HIS DECIDED CONVICTION THAT ALL WHO LED AN HONEST UPRIGHT MORAL LIFE,4,unknown
./dataset/4_librispeech_3440_171006_0027.wav,"(225760,)",48000,14.11,train.clean.100,3440,171006,3440_171006_0027,LAID HER HEAD ON HIS BREAST ASKING DEAR PAPA DON'T YOU BELIEVE THE BIBLE CERTAINLY DAUGHTER I AM NOT AN INFIDEL HE REPLIED IN A CARELESS TONE WELL THEN PAPA SHE CONTINUED HALF HESITATINGLY,4,unknown
./dataset/4_librispeech_3440_171006_0014.wav,"(256000,)",48000,16.0,train.clean.100,3440,171006,3440_171006_0014,AND NOW SINCE YOU CONSIDER THAT CHANGE SO NECESSARY CAN YOU TELL ME HOW IT IS TO BE BROUGHT ABOUT GOD'S HOLY SPIRIT ALONE CAN CHANGE A SINNER'S HEART SIR AND HOW AM I TO SECURE HIS AID HE ASKED ELSIE ANSWERED WITH A TEXT,4,unknown
./dataset/4_librispeech_3440_171009_0065.wav,"(237520,)",48000,14.845,train.clean.100,3440,171009,3440_171009_0065,MISSUS DINSMORE AND ADELAIDE APPROACHED THE TREE AND BEGAN THE PLEASANT TASK OF DISTRIBUTING THE GIFTS EVERYTHING WAS LABELLED AND EACH AS HIS OR HER NAME WAS CALLED OUT STEPPED FORWARD TO RECEIVE THE PRESENT NO ONE HAD BEEN FORGOTTEN EACH HAD SOMETHING,4,unknown
./dataset/4_librispeech_460_172357_0000.wav,"(228000,)",48000,14.25,train.clean.100,460,172357,460_172357_0000,I KNOW NO WAY IN WHICH A WRITER MAY MORE FITTINGLY INTRODUCE HIS WORK TO THE PUBLIC THAN BY GIVING A BRIEF ACCOUNT OF WHO AND WHAT HE IS BY THIS MEANS SOME OF THE BLAME FOR WHAT HE HAS DONE IS VERY PROPERLY SHIFTED TO THE EXTENUATING CIRCUMSTANCES OF HIS LIFE,4,unknown
./dataset/4_librispeech_3440_171009_0072.wav,"(242480,)",48000,15.155,train.clean.100,3440,171009,3440_171009_0072,STILL YOU HAVE NOT ANSWERED MY QUESTION HE SAID WITH A SMILE AS HE SAT DOWN AND DREW HER TO HIS SIDE ADDING IN A PLAYFUL TONE COME I AM NOT GOING TO PUT UP WITH ANY EVASION TELL ME TRULY IF YOU WOULD HAVE PREFERRED SOMETHING ELSE,4,unknown
./dataset/4_librispeech_460_172357_0001.wav,"(194480,)",48000,12.155,train.clean.100,460,172357,460_172357_0001,MY PARENTS MIGRATED TO CANADA IN EIGHTEEN SEVENTY SIX AND I DECIDED TO GO WITH THEM MY FATHER TOOK UP A FARM NEAR LAKE SIMCOE IN ONTARIO THIS WAS DURING THE HARD TIMES OF CANADIAN FARMING,4,unknown
./dataset/4_librispeech_460_172357_0011.wav,"(241120,)",48000,15.07,train.clean.100,460,172357,460_172357_0011,AN ABILITY TO THINK AND WHAT IS STILL BETTER TO STOP THINKING ALTOGETHER FOR MONTHS AT A TIME I HAVE WRITTEN A NUMBER OF THINGS IN CONNECTION WITH MY COLLEGE LIFE A BOOK ON POLITICAL SCIENCE AND MANY ESSAYS MAGAZINE ARTICLES AND SO ON,4,unknown
./dataset/4_librispeech_3440_171009_0056.wav,"(184000,)",48000,11.5,train.clean.100,3440,171009,3440_171009_0056,HOW PRETTY SHE LOOKS AND THERE'S THAT MISS STEVENS COMING OUT NOW HATEFUL THING I CAN'T BEAR HER COME ELSIE AND CARRY AND SHE RAN OUT CAROLINE AND ELSIE FOLLOWING,4,unknown
./dataset/4_librispeech_3440_171006_0021.wav,"(229440,)",48000,14.34,train.clean.100,3440,171006,3440_171006_0021,WHISPERED ELSIE WHO HAD A GREAT DREAD OF MISSUS DINSMORE'S ANGER VERY WELL THEN YOU MAY DO AS YOU LIKE HE REPLIED GIVING HER A GOOD NIGHT KISS AND WITH A GRACEFUL GOOD NIGHT TO THE COMPANY THE LITTLE GIRL LEFT THE ROOM,4,unknown
./dataset/4_librispeech_460_172357_0010.wav,"(234800,)",48000,14.675,train.clean.100,460,172357,460_172357_0010,WHILE I AM ABLE TO MIX WITH THE POORER OF THE BUSINESS MEN OF THE CITY ON TERMS OF SOMETHING LIKE EQUALITY IN POINT OF LEISURE I ENJOY MORE IN THE FOUR CORNERS OF A SINGLE YEAR THAN A BUSINESS MAN KNOWS IN HIS WHOLE LIFE I THUS HAVE WHAT THE BUSINESS MAN CAN NEVER ENJOY,4,unknown
./dataset/4_librispeech_3440_171006_0006.wav,"(247600,)",48000,15.475,train.clean.100,3440,171006,3440_171006_0006,IT WAS BECAUSE HE CONSIDERED IT PROPER AND RESPECTABLE TO DO SO AND NOT THAT HE CARED TO WORSHIP GOD OR TO LEARN HIS WILL THIS CONVICTION WHICH HAD GRADUALLY DAWNED UPON ELSIE UNTIL NOW IT AMOUNTED TO CERTAINTY CAUSED HER GREAT GRIEF,4,unknown
./dataset/4_librispeech_3440_171009_0048.wav,"(227440,)",48000,14.215,train.clean.100,3440,171009,3440_171009_0048,AS I CANNOT SEE THAT ELSIE BEARS THE SLIGHTEST RESEMBLANCE TO ME OR ANY OF MY FAMILY SHE IS VERY LIKE HER MOTHER THOUGH HE ADDED WITH A HALF SIGH AND A TENDER LOVING GLANCE AT HIS LITTLE GIRL AND THAT IS JUST WHAT I WOULD HAVE HER,4,unknown
./dataset/4_librispeech_3440_171006_0017.wav,"(252400,)",48000,15.775,train.clean.100,3440,171006,3440_171006_0017,WITH MEEKNESS AND FEAR THEN RAISING HER EYES TO HIS FACE WITH A TOUCHING MIXTURE OF DEEP HUMILITY AND HOLY BOLDNESS SHE CONTINUED AND THIS SIR IS MY ANSWER JESUS SAYS HIM THAT COMETH UNTO ME I WILL IN NO WISE CAST OUT,4,unknown
./dataset/4_librispeech_460_172357_0009.wav,"(176160,)",48000,11.01,train.clean.100,460,172357,460_172357_0009,I AM ABLE TO REGARD MYSELF AS SINGULARLY FORTUNATE THE EMOLUMENT IS SO HIGH AS TO PLACE ME DISTINCTLY ABOVE THE POLICEMEN POSTMEN STREET CAR CONDUCTORS AND OTHER SALARIED OFFICIALS OF THE NEIGHBOURHOOD,4,unknown
./dataset/4_librispeech_3440_171009_0058.wav,"(213440,)",48000,13.34,train.clean.100,3440,171009,3440_171009_0058,NO LUCY I MUST OBEY MY FATHER ELSIE ANSWERED IN A VERY PLEASANT BUT NO LESS DECIDED TONE SOME ONE CAUGHT HER ROUND THE WAIST AND LIFTED HER UP OH PAPA SHE EXCLAIMED I DID NOT KNOW YOU WERE THERE,4,unknown
./dataset/4_librispeech_3440_171009_0076.wav,"(231120,)",48000,14.445,train.clean.100,3440,171009,3440_171009_0076,DO YOU LIKE IT PAPA SHE ASKED HER FACE GLOWING WITH DELIGHT TO SEE HOW PLEASED HE WAS YES DARLING VERY MUCH AND I SHALL ALWAYS THINK OF MY LITTLE GIRL WHEN I USE IT KEEP IT IN YOUR POCKET AND USE IT EVERY DAY WON'T YOU PAPA,4,unknown
./dataset/4_librispeech_3440_171009_0053.wav,"(230960,)",48000,14.435,train.clean.100,3440,171009,3440_171009_0053,FAVOR IS DECEITFUL AND BEAUTY IS VAIN AND IN ANOTHER PLACE HE THAT FLATTERETH HIS NEIGHBOR SPREADETH A NET FOR HIS FEET SO I WILL TRY TO KEEP AWAY FROM THAT LADY SHALL I NOT PAPA WHENEVER YOU CAN DO SO WITHOUT RUDENESS DAUGHTER,4,unknown
./dataset/4_librispeech_3440_171009_0082.wav,"(116560,)",48000,7.285,train.clean.100,3440,171009,3440_171009_0082,THAT ELSIE WAS VERY MUCH SURPRISED WHEN HER FATHER CALLED HER TO GO TO BED IS IT HALF PAST NINE ALREADY PAPA SHE ASKED,4,unknown
./dataset/4_librispeech_3440_171006_0026.wav,"(218080,)",48000,13.63,train.clean.100,3440,171006,3440_171006_0026,IT IS ALWAYS NEW AND I DO LOVE IT SO IT IS SO VERY SWEET MAY I READ A LITTLE TO YOU SHE ADDED COAXINGLY YES I LOVE TO LISTEN TO ANYTHING READ BY MY DARLING HE SAID SITTING DOWN AND TAKING HER ON HIS KNEE,4,unknown
./dataset/4_librispeech_3440_171009_0062.wav,"(60240,)",48000,3.765,train.clean.100,3440,171009,3440_171009_0062,THAT THEIR CURIOSITY WAS NOW ON THE POINT OF BEING GRATIFIED,4,unknown
./dataset/4_librispeech_460_172357_0017.wav,"(144720,)",48000,9.045,train.clean.100,460,172357,460_172357_0017,BUT TO WRITE SOMETHING OUT OF ONE'S OWN MIND WORTH READING FOR ITS OWN SAKE IS AN ARDUOUS CONTRIVANCE ONLY TO BE ACHIEVED IN FORTUNATE MOMENTS FEW AND FAR BETWEEN,4,unknown
./dataset/4_librispeech_3440_171006_0023.wav,"(193440,)",48000,12.09,train.clean.100,3440,171006,3440_171006_0023,YES REMARKED TRAVILLA A TEXT HAS BEEN RUNNING IN MY HEAD EVER SINCE YOU COMMENCED YOUR CONVERSATION SOMETHING ABOUT THESE THINGS BEING HID FROM THE WISE AND PRUDENT AND REVEALED UNTO BABES AND HE ADDED,4,unknown
./dataset/4_librispeech_460_172357_0012.wav,"(232720,)",48000,14.545,train.clean.100,460,172357,460_172357_0012,A FEW YEARS AGO I WENT ALL ROUND THE BRITISH EMPIRE DELIVERING ADDRESSES ON IMPERIAL ORGANIZATION WHEN I STATE THAT THESE LECTURES WERE FOLLOWED ALMOST IMMEDIATELY BY THE UNION OF SOUTH AFRICA THE BANANA RIOTS IN TRINIDAD AND THE TURCO ITALIAN WAR,4,unknown
./dataset/4_librispeech_460_172357_0016.wav,"(189200,)",48000,11.825,train.clean.100,460,172357,460_172357_0016,MANY OF MY FRIENDS ARE UNDER THE IMPRESSION THAT I WRITE THESE HUMOROUS NOTHINGS IN IDLE MOMENTS WHEN THE WEARIED BRAIN IS UNABLE TO PERFORM THE SERIOUS LABOURS OF THE ECONOMIST MY OWN EXPERIENCE IS EXACTLY THE OTHER WAY,4,unknown
./dataset/4_librispeech_3440_171009_0078.wav,"(247200,)",48000,15.45,train.clean.100,3440,171009,3440_171009_0078,NOT TO NIGHT TO MORROW AFTER BREAKFAST YOU MAY EAT THE CREAM CANDY AND THE ROCK BUT NONE OF THE OTHERS THEY ARE COLORED AND VERY UNWHOLESOME WON'T YOU EAT SOME PAPA SHE ASKED WITH WINNING SWEETNESS NO DEAREST HE SAID,4,unknown
./dataset/4_librispeech_3440_171006_0025.wav,"(243920,)",48000,15.245,train.clean.100,3440,171006,3440_171006_0025,SHE ASKED RAISING HER HEAD TO GIVE HIM A SMILE OF JOYFUL WELCOME I DID NOT KNOW YOU WERE THERE AH I HAVE BEEN WATCHING YOU FOR SEVERAL MINUTES HE SAID ALWAYS PORING OVER THE SAME BOOK ELSIE DO YOU NEVER TIRE OF IT NO INDEED PAPA,4,unknown
./dataset/4_librispeech_4263_16187_0022.wav,"(213920,)",48000,13.37,train.other.500,4263,16187,4263_16187_0022,EACH BRINGING AN ADVANCING CRESCENDO OF WORK BUT OH THE HAPPY DAYS FOR BETTY LIVED IN A WORLD ALL HER OWN WHEREIN HER PLAY WAS AS REAL AS HER WORK AND LABOR WAS TURNED BY HER IMAGINATIVE LITTLE MIND INTO NEW FORMS OF PLAY,4,unknown
./dataset/4_librispeech_4263_20411_0017.wav,"(114400,)",48000,7.15,train.other.500,4263,20411,4263_20411_0017,KEEP YOU HANGING ABOUT TO GIVE EVIDENCE STILL YOU ARE QUITE RIGHT WE CAN'T STAND BY AND SEE THE POOR DEVIL POISONED WITHOUT MAKING SOME EFFORT,4,unknown
./dataset/4_librispeech_4263_20411_0011.wav,"(164560,)",48000,10.285,train.other.500,4263,20411,4263_20411_0011,BY THE WAY YOU ARE NOT ANXIOUS TO BE OFF I SUPPOSE AS A MATTER OF FACT I WAS FOR I HAD DECIDED TO ACCEPT THORNDYKE'S OFFER AND WAS NOW EAGER TO TAKE UP MY DUTIES WITH HIM,4,unknown
./dataset/4_librispeech_4263_20411_0000.wav,"(35840,)",48000,2.24,train.other.500,4263,20411,4263_20411_0000,WEISS WOULD CALL IN SOME OTHER DOCTOR,4,unknown
./dataset/4_librispeech_4263_20411_0032.wav,"(35360,)",48000,2.21,train.other.500,4263,20411,4263_20411_0032,BUT YOU OVERRATE OUR POWERS,4,unknown
./dataset/4_librispeech_4263_20411_0021.wav,"(76160,)",48000,4.76,train.other.500,4263,20411,4263_20411_0021,THE SUGGESTION MET MY VIEWS EXACTLY AS SOON AS WE HAD FINISHED TEA WE SET FORTH,4,unknown
./dataset/4_librispeech_4263_20411_0029.wav,"(189280,)",48000,11.83,train.other.500,4263,20411,4263_20411_0029,IT SEEMS A PITY NOT TO TAKE SOME MEASURES I SAID WHILE YOU ARE WAITING TO HEAR SOMETHING FURTHER THEY MAY GIVE THE POOR WRETCH A FRESH DOSE AND KILL HIM IN WHICH CASE WE SHOULD HEAR SOMETHING FURTHER,4,unknown
./dataset/4_librispeech_4263_20411_0013.wav,"(206400,)",48000,12.9,train.other.500,4263,20411,4263_20411_0013,THERE WERE ONE OR TWO UNUSUAL CASES ON THE LIST AND AS WE MARKED OFF OUR RESPECTIVE PATIENTS I GAVE HIM THE HISTORIES IN BRIEF SYNOPSIS AND THEN I OPENED THE SUBJECT OF MY MYSTERIOUS EXPERIENCES AT THE HOUSE OF MISTER WEISS,4,unknown
./dataset/4_librispeech_4263_16187_0028.wav,"(43200,)",48000,2.7,train.other.500,4263,16187,4263_16187_0028,AND HID HER FACE ON THEM WHILE SHE REPENTED VERY HARD,4,unknown
./dataset/4_librispeech_4263_20411_0035.wav,"(251440,)",48000,15.715,train.other.500,4263,20411,4263_20411_0035,SUSPICION ISN'T EVIDENCE WE SHOULD WANT YOU TO SWEAR AN INFORMATION AND GIVE US ENOUGH FACTS TO MAKE OUT A PRIMA FACIE CASE AGAINST SOME DEFINITE PERSON AND YOU COULDN'T DO IT YOUR INFORMATION AMOUNTS TO THIS THAT A CERTAIN PERSON HAS TAKEN A POISONOUS DOSE OF MORPHINE AND APPARENTLY RECOVERED THAT'S ALL,4,unknown
./dataset/4_librispeech_4263_20411_0005.wav,"(221440,)",48000,13.84,train.other.500,4263,20411,4263_20411_0005,MEMBERS OF A CERTAIN BENEFIT CLUB WHICH ACCOUNTED FOR THE REMARKABLE SUDDENNESS OF THE OUTBREAK OF COURSE MY CONTEMPLATED VISIT TO THORNDYKE WAS OUT OF THE QUESTION I SHOULD HAVE TO ACT ON MY OWN RESPONSIBILITY BUT,4,unknown
./dataset/4_librispeech_4263_20411_0027.wav,"(70880,)",48000,4.43,train.other.500,4263,20411,4263_20411_0027,BUT I THINK THAT IS ALL WE CAN DO UNLESS WE HEAR SOMETHING FURTHER BUT,4,unknown
./dataset/4_librispeech_4263_20411_0015.wav,"(228720,)",48000,14.295,train.other.500,4263,20411,4263_20411_0015,STILLBURY'S FACE CLEARED INSTANTLY OH I'M GLAD IT'S NOTHING MORE THAN THAT HE SAID WITH AN AIR OF RELIEF I WAS AFRAID IT WAS SOME CONFOUNDED WOMAN THERE'S ALWAYS THAT DANGER YOU KNOW WHEN A LOCUM IS YOUNG AND HAPPENS IF I MAY SAY SO JERVIS TO BE A GOOD LOOKING FELLOW,4,unknown
./dataset/4_librispeech_4263_20411_0030.wav,"(151120,)",48000,9.445,train.other.500,4263,20411,4263_20411_0030,I QUITE AGREE WITH YOU SIR BUT WE'VE NO EVIDENCE THAT HE IS GOING TO DIE HIS FRIENDS SENT FOR YOU AND YOU TREATED HIM SKILFULLY AND LEFT HIM IN A FAIR WAY TO RECOVERY,4,unknown
./dataset/4_librispeech_4263_20411_0014.wav,"(236640,)",48000,14.79,train.other.500,4263,20411,4263_20411_0014,THERE'S ANOTHER AFFAIR THAT I WANT TO TELL YOU ABOUT RATHER AN UNPLEASANT BUSINESS OH DEAR EXCLAIMED STILLBURY HE PUT DOWN HIS CUP AND REGARDED ME WITH QUITE PAINFUL ANXIETY IT LOOKS TO ME LIKE AN UNDOUBTED CASE OF CRIMINAL POISONING I CONTINUED,4,unknown
./dataset/4_librispeech_4263_20411_0018.wav,"(47440,)",48000,2.965,train.other.500,4263,20411,4263_20411_0018,DON'T YOU REALLY NO I DON'T,4,unknown
./dataset/4_librispeech_4263_20411_0004.wav,"(77760,)",48000,4.86,train.other.500,4263,20411,4263_20411_0004,AN EPIDEMIC OF INFLUENZA HAD DESCENDED ON THE NEIGHBOURHOOD AND I WAS GETTING NOT ONLY,4,unknown
./dataset/4_librispeech_4263_16187_0024.wav,"(82880,)",48000,5.18,train.other.500,4263,16187,4263_16187_0024,MADE HER WISH WITH ALL THE INTENSITY OF HER SENSITIVE SOUL THAT SHE MIGHT CONFESS TO SOME ONE WHAT SHE HAD DONE,4,unknown
./dataset/4_librispeech_4263_20411_0020.wav,"(158880,)",48000,9.93,train.other.500,4263,20411,4263_20411_0020,THERE OUGHT NOT TO BE ANY DELAY SAID I THERE NEEDN'T BE I SHALL LOOK IN ON MISSUS WACKFORD AND YOU HAVE TO SEE THE RUMMEL CHILDREN WE SHALL PASS THE STATION ON OUR WAY,4,unknown
./dataset/4_librispeech_4263_20411_0001.wav,"(239040,)",48000,14.94,train.other.500,4263,20411,4263_20411_0001,THIS WAS MY VIEW BUT I MEANT TO HAVE THORNDYKE'S OPINION AND ACT UNDER HIS DIRECTION BUT THE BEST LAID PLANS OF MICE AND MEN GANG AFT AGLEY WHEN I CAME DOWNSTAIRS AND TOOK A PRELIMINARY GLANCE AT THE ROUGH MEMORANDUM BOOK KEPT BY THE BOTTLE BOY,4,unknown
./dataset/librispeech_6930_75918_0004.wav,"(177040,)",16000,11.065,test.clean,6930,75918,6930_75918_0004,SHE TAUGHT HER DAUGHTER THEN BY HER OWN AFFECTION FOR IT THAT LOVE FOR A COUNTRY WHERE THEY HAD BOTH BEEN HOSPITABLY RECEIVED AND WHERE A BRILLIANT FUTURE OPENED BEFORE THEM,0,0.4
./dataset/librispeech_6930_76324_0017.wav,"(86560,)",16000,5.41,test.clean,6930,76324,6930_76324_0017,OH LET HIM COME ALONG SHE URGED I DO LOVE TO SEE HIM ABOUT THAT OLD HOUSE,0,0.4
./dataset/librispeech_6930_76324_0011.wav,"(147840,)",16000,9.24,test.clean,6930,76324,6930_76324_0011,THEY WORRY ME TERRIBLY AND BESIDES I'D LIKE TO SEE WHAT THIS LOVELY FURNITURE LOOKS LIKE WITHOUT SUCH QUANTITIES OF DUST ALL OVER IT GOOD SCHEME CYN,0,0.4
./dataset/librispeech_6930_76324_0000.wav,"(48400,)",16000,3.025,test.clean,6930,76324,6930_76324_0000,GOLIATH MAKES ANOTHER DISCOVERY,0,0.4
./dataset/librispeech_6930_81414_0003.wav,"(52720,)",16000,3.295,test.clean,6930,81414,6930_81414_0003,NO SOUND BROKE THE STILLNESS OF THE NIGHT,0,0.4
./dataset/librispeech_6930_76324_0021.wav,"(117680,)",16000,7.355,test.clean,6930,76324,6930_76324_0021,SURFACE DUST AT LEAST HAD BEEN REMOVED AND THE FINE OLD FURNITURE GAVE A HINT OF ITS REAL ELEGANCE AND POLISH,0,0.4
./dataset/librispeech_6930_81414_0000.wav,"(206320,)",16000,12.895,test.clean,6930,81414,6930_81414_0000,NO WORDS WERE SPOKEN NO LANGUAGE WAS UTTERED SAVE THAT OF WAILING AND HISSING AND THAT SOMEHOW WAS INDISTINCT AS IF IT EXISTED IN FANCY AND NOT IN REALITY,0,0.4
./dataset/librispeech_6930_76324_0013.wav,"(68880,)",16000,4.305,test.clean,6930,76324,6930_76324_0013,IT CAN'T HURT ANYTHING I'M SURE FOR WE WON'T DISTURB THINGS AT ALL,0,0.4
./dataset/librispeech_6930_75918_0010.wav,"(48560,)",16000,3.035,test.clean,6930,75918,6930_75918_0010,I CAN PERCEIVE LOVE CLEARLY ENOUGH,0,0.4
./dataset/librispeech_6930_81414_0006.wav,"(108800,)",16000,6.8,test.clean,6930,81414,6930_81414_0006,WHAT THEN A HUMAN HAND LARGE AND SHAPELY APPEARED DISTINCTLY ON THE SURFACE OF THE POND,0,0.4
./dataset/librispeech_6930_76324_0005.wav,"(80560,)",16000,5.035,test.clean,6930,76324,6930_76324_0005,THE TWIN BROTHER DID SOMETHING SHE DIDN'T LIKE AND SHE TURNED HIS PICTURE TO THE WALL,0,0.4
./dataset/librispeech_6930_76324_0027.wav,"(132320,)",16000,8.27,test.clean,6930,76324,6930_76324_0027,FORGETTING ALL THEIR WEARINESS THEY SEIZED THEIR CANDLES AND SCURRIED THROUGH THE HOUSE FINDING AN OCCASIONAL PAPER TUCKED AWAY IN SOME ODD CORNER,0,0.4
./dataset/librispeech_6930_76324_0015.wav,"(198480,)",16000,12.405,test.clean,6930,76324,6930_76324_0015,SMUGGLING THE HOUSE CLEANING PARAPHERNALIA INTO THE CELLAR WINDOW UNOBSERVED THAT AFTERNOON PROVED NO EASY TASK FOR CYNTHIA HAD ADDED A WHISK BROOM AND DUST PAN TO THE OUTFIT,0,0.4
./dataset/librispeech_6930_81414_0001.wav,"(279760,)",16000,17.485,test.clean,6930,81414,6930_81414_0001,I HEARD A NOISE BEHIND I TURNED AND SAW KAFFAR HIS BLACK EYES SHINING WHILE IN HIS HAND HE HELD A GLEAMING KNIFE HE LIFTED IT ABOVE HIS HEAD AS IF TO STRIKE BUT I HAD THE STRENGTH OF TEN MEN AND I HURLED HIM FROM ME,0,0.4
./dataset/librispeech_6930_76324_0014.wav,"(75520,)",16000,4.72,test.clean,6930,76324,6930_76324_0014,THIS THOUGHT HOWEVER DID NOT ENTER THE HEADS OF THE ENTHUSIASTIC PAIR,0,0.4
./dataset/librispeech_6930_76324_0018.wav,"(34240,)",16000,2.14,test.clean,6930,76324,6930_76324_0018,HE MAKES IT SORT OF COZIER,0,0.4
./dataset/librispeech_6930_76324_0004.wav,"(98400,)",16000,6.15,test.clean,6930,76324,6930_76324_0004,BUT JOYCE HAD NOT BEEN LISTENING ALL AT ONCE SHE PUT DOWN HER CANDLE ON THE TABLE AND FACED HER COMPANION,0,0.4
./dataset/librispeech_6930_75918_0006.wav,"(93600,)",16000,5.85,test.clean,6930,75918,6930_75918_0006,THIS HAS INDEED BEEN A HARASSING DAY CONTINUED THE YOUNG MAN HIS EYES FIXED UPON HIS FRIEND,0,0.4
./dataset/librispeech_6930_76324_0020.wav,"(101040,)",16000,6.315,test.clean,6930,76324,6930_76324_0020,YET LITTLE AS IT WAS IT HAD ALREADY MADE A VAST DIFFERENCE IN THE ASPECT OF THE ROOM,0,0.4
./dataset/librispeech_6930_76324_0001.wav,"(51200,)",16000,3.2,test.clean,6930,76324,6930_76324_0001,THEY WERE CERTAINLY NO NEARER THE SOLUTION OF THEIR PROBLEM,0,0.4
./dataset/librispeech_7902_96591_0004.wav,"(57680,)",16000,3.605,test.other,7902,96591,7902_96591_0004,THAT MY FATHER SIR RISDON GRAEME HAS SMUGGLED GOODS HERE,0,0.4
./dataset/librispeech_7902_96592_0013.wav,"(77600,)",16000,4.85,test.other,7902,96592,7902_96592_0013,ONCE OUT OF THAT ROOM HE COULD RAN AND BY DAYLIGHT THE SMUGGLERS DARE NOT HUNT HIM DOWN,0,0.4
./dataset/librispeech_7902_96592_0007.wav,"(82240,)",16000,5.14,test.other,7902,96592,7902_96592_0007,BUT HOW QUEER FOR MISTER GURR TO BE TALKING LIKE THAT TO ANDREW TEAL THE BOY WHO HELPED THE COOK,0,0.4
./dataset/librispeech_7902_96591_0021.wav,"(47360,)",16000,2.96,test.other,7902,96591,7902_96591_0021,A NARROW TABLE AGAINST THE WALL IN TWO PLACES,0,0.4
./dataset/librispeech_7902_96592_0028.wav,"(198560,)",16000,12.41,test.other,7902,96592,7902_96592_0028,A HAPPY INSPIRATION HAD COME AND PLACING ONE HAND UPON HIS BREAST HE THRUST IN THE OTHER GAVE A TUG AND DREW OUT HIS LITTLE CURVED DIRK GLANCED AT THE EDGE RAN TO THE WINDOW AND BEGAN TO CUT AT ONE OF THE BARS LABOUR IN VAIN,0,0.4
./dataset/librispeech_7902_96592_0017.wav,"(51920,)",16000,3.245,test.other,7902,96592,7902_96592_0017,GO ROUND AND OPEN THE DOOR I WAS SHUT IN LAST NIGHT BY MISTAKE,0,0.4
./dataset/librispeech_7902_96592_0025.wav,"(54880,)",16000,3.43,test.other,7902,96592,7902_96592_0025,ARCHY STEPPED BACK TO THE DOOR LISTENING BUT THERE WAS NOT A SOUND,0,0.4
./dataset/librispeech_7902_96592_0009.wav,"(78560,)",16000,4.91,test.other,7902,96592,7902_96592_0009,THERE WAS AN INTERVAL OF THINKING OVER THIS KNOTTY QUESTION DURING WHICH THE LOW WHISTLING WENT ON,0,0.4
./dataset/librispeech_7902_96591_0010.wav,"(108960,)",16000,6.81,test.other,7902,96591,7902_96591_0010,COLD WATER CAME ON THIS IDEA DIRECTLY AS HE RECALLED THE FACT THAT THE DARKNESS WAS INTENSE AND CELIA COULD NOT HAVE SEEN HIM,0,0.4
./dataset/librispeech_7902_96592_0031.wav,"(67840,)",16000,4.24,test.other,7902,96592,7902_96592_0031,BUT AT THE END OF FIVE MINUTES HE STOPPED AND THRUST BACK THE DIRK INTO ITS SHEATH,0,0.4
./dataset/librispeech_3440_171009_0049.wav,"(129680,)",16000,8.105,train.clean.100,3440,171009,3440_171009_0049,IT IS SUCH A LOVELY DAY BUT HOW SOON DO YOU START AS SOON AS THE LADIES CAN BE READY THE HORSES WILL BE AT THE DOOR IN A VERY FEW MOMENTS,0,0.4
./dataset/librispeech_3440_171006_0000.wav,"(256400,)",16000,16.025,train.clean.100,3440,171006,3440_171006_0000,IN THAT HOUR JESUS REJOICED IN SPIRIT AND SAID I THANK THEE O FATHER LORD OF HEAVEN AND EARTH THAT THOU HAST HID THESE THINGS FROM THE WISE AND PRUDENT AND HAST REVEALED THEM UNTO BABES EVEN SO FATHER FOR SO IT SEEMED GOOD IN THY SIGHT,0,0.4
./dataset/librispeech_3440_171009_0077.wav,"(38000,)",16000,2.375,train.clean.100,3440,171009,3440_171009_0077,AND HE LAUGHED AND STROKED HER HAIR,0,0.4
./dataset/librispeech_3440_171009_0066.wav,"(236560,)",16000,14.785,train.clean.100,3440,171009,3440_171009_0066,AND ALMOST EVERY ONE HAD SEVERAL PRETTY PRESENTS MARY LESLIE AND LITTLE FLORA ARNOTT WERE MADE PERFECTLY HAPPY WITH WAX DOLLS THAT COULD OPEN AND SHUT THEIR EYES CAROLINE HOWARD RECEIVED A GOLD CHAIN FROM HER MAMMA AND A PRETTY PIN FROM ELSIE,0,0.4
./dataset/librispeech_3440_171006_0015.wav,"(182000,)",16000,11.375,train.clean.100,3440,171006,3440_171006_0015,SHE REPLIED THE SWEET LITTLE FACE ALL SUFFUSED WITH BLUSHES AND THE SOFT DOWNCAST EYES FILLING WITH TEARS WHY DO YOU THINK SO HE ASKED AGAIN,0,0.4
./dataset/librispeech_3440_171006_0004.wav,"(223600,)",16000,13.975,train.clean.100,3440,171006,3440_171006_0004,I WILL NOT LET THEE GO EXCEPT THOU BLESS ME AND THUS IT WAS WITH ELSIE SHE KNEW NOW THAT HER FATHER WAS NOT A CHRISTIAN THAT HE HAD NO REAL LOVE FOR JESUS NONE OF THE TRUE FEAR OF GOD BEFORE HIS EYES,0,0.4
./dataset/librispeech_3440_171006_0012.wav,"(243920,)",16000,15.245,train.clean.100,3440,171006,3440_171006_0012,MARVEL NOT THAT I SAID UNTO THEE YE MUST BE BORN AGAIN SHE REPEATED THESE WORDS OF INSPIRATION WITH A DEEP EARNEST SOLEMNITY THAT SEEMED TO IMPRESS EVERY HEARER FOR A MOMENT THERE WAS A DEEP HUSH IN THE ROOM THEN THE GENTLEMAN ASKED,0,0.4
./dataset/librispeech_3440_171009_0079.wav,"(206960,)",16000,12.935,train.clean.100,3440,171009,3440_171009_0079,FOR THOUGH I TOO AM FOND OF SWEET THINGS I WILL NOT EAT THEM WHILE I REFUSE THEM TO YOU DO PAPA SHE URGED IT WOULD GIVE ME PLEASURE TO SEE YOU ENJOYING IT NO DARLING I WILL WAIT UNTIL TO MORROW TOO,0,0.4
./dataset/librispeech_3440_171009_0055.wav,"(175120,)",16000,10.945,train.clean.100,3440,171009,3440_171009_0055,BUT HAD IT NOT LUCY WHO WAS STANDING AT THE WINDOW TURNED QUICKLY ROUND COME GIRLS SHE SAID LET US RUN OUT AND SEE THEM OFF THEY'RE BRINGING UP THE HORSES,0,0.4
./dataset/librispeech_3440_171006_0018.wav,"(254560,)",16000,15.91,train.clean.100,3440,171006,3440_171006_0018,AND I BELIEVE HIM I DID GO TO HIM AND HE DID NOT CAST ME OUT BUT FORGAVE MY SINS AND TAUGHT ME TO LOVE HIM AND DESIRE TO SERVE HIM ALL MY LIFE THIS CONVERSATION BETWEEN THE GENTLEMAN AND THE LITTLE GIRL HAD DRAWN THE ATTENTION OF ALL PRESENT,0,0.4
./dataset/librispeech_3440_171009_0071.wav,"(258480,)",16000,16.155,train.clean.100,3440,171009,3440_171009_0071,THE VERY PRETTIEST RING I EVER SAW YET I THINK THERE IS SOMETHING ELSE YOU WOULD HAVE LIKED BETTER IS THERE NOT HE ASKED LOOKING SEARCHINGLY INTO HER FACE DEAR PAPA I LIKE IT VERY MUCH I WOULD RATHER HAVE IT THAN ANYTHING ELSE ON THE TREE,0,0.4
./dataset/librispeech_3440_171006_0010.wav,"(240480,)",16000,15.03,train.clean.100,3440,171006,3440_171006_0010,ELSIE FIXED HER EYES ON HIS FACE WITH A VERY MOURNFUL GAZE WHILE HE WAS SPEAKING BUT HE WAS BUSY WITH HIS ARGUMENT AND DID NOT NOTICE HER BUT ONE OF THE GUESTS WAS JUST EXPRESSING HIS APPROVAL OF MISTER DINSMORE'S SENTIMENTS WHEN CATCHING SIGHT OF ELSIE'S FACE,0,0.4
./dataset/librispeech_3440_171009_0081.wav,"(199360,)",16000,12.46,train.clean.100,3440,171009,3440_171009_0081,AND THEN AS THE GIFTS HAD ALL BEEN DISTRIBUTED AND THE LITTLE FOLKS WERE IN HIGH GLEE A VARIETY OF SPORTS WERE COMMENCED BY THEM IN WHICH SOME OF THEIR ELDERS ALSO TOOK A PART AND THUS THE HOURS SPED AWAY SO RAPIDLY,0,0.4
./dataset/librispeech_3440_171006_0013.wav,"(255520,)",16000,15.97,train.clean.100,3440,171006,3440_171006_0013,CREATE IN ME A CLEAN HEART O GOD AND RENEW A RIGHT SPIRIT WITHIN ME WHERE DID YOU LEARN ALL THIS HE ASKED LOOKING AT HER WITH MINGLED SURPRISE AND ADMIRATION IN THE BIBLE SIR SHE MODESTLY REPLIED YOU SEEM TO HAVE READ IT TO SOME PURPOSE SAID HE,0,0.4
./dataset/librispeech_3440_171009_0080.wav,"(80240,)",16000,5.015,train.clean.100,3440,171009,3440_171009_0080,THEN PLEASE KEEP IT FOR ME UNTIL TO MORROW PAPA WILL YOU YES HE SAID,0,0.4
./dataset/librispeech_3440_171006_0001.wav,"(209520,)",16000,13.095,train.clean.100,3440,171006,3440_171006_0001,SAYS THE APOSTLE PAUL I SAY THE TRUTH IN CHRIST I LIE NOT MY CONSCIENCE ALSO BEARING ME WITNESS IN THE HOLY GHOST THAT I HAVE GREAT HEAVINESS AND CONTINUAL SORROW IN MY HEART,0,0.4
./dataset/librispeech_3440_171009_0070.wav,"(191280,)",16000,11.955,train.clean.100,3440,171009,3440_171009_0070,THANK YOU DEAR PAPA THANK YOU VERY MUCH DOES IT PLEASE YOU MY DARLING HE ASKED STOOPING TO PRESS A KISS ON THE LITTLE UPTURNED FACE SO BRIGHT AND HAPPY YES PAPA,0,0.4
./dataset/librispeech_3440_171009_0051.wav,"(236000,)",16000,14.75,train.clean.100,3440,171009,3440_171009_0051,FOR SOME PERSONS TALK IN A VERY THOUGHTLESS WAY AND WITHOUT PERHAPS INTENDING TO BE EXACTLY UNTRUTHFUL SAY A GREAT DEAL THAT THEY REALLY DO NOT MEAN AND I SHOULD BE SORRY INDEED TO SEE MY LITTLE GIRL SO SPOILED BY ALL THIS SILLY FLATTERY,0,0.4
./dataset/librispeech_3440_171006_0003.wav,"(216880,)",16000,13.555,train.clean.100,3440,171006,3440_171006_0003,LOVING JESUS IT WOULD FAIN HAVE OTHERS LOVE HIM TOO IT DESIRES THE SALVATION OF ALL BUT FOR THAT OF ITS OWN DEAR ONES IT LONGS AND LABORS AND PRAYS IT IS LIKE JACOB WRESTLING WITH THE ANGEL WHEN HE SAID,0,0.4
./dataset/librispeech_3440_171009_0067.wav,"(195120,)",16000,12.195,train.clean.100,3440,171009,3440_171009_0067,BECAUSE MARY LESLIE'S DOLL WAS A LITTLE LARGER THAN HERS ELSIE HAD ALREADY RECEIVED A PRETTY BRACELET FROM HER AUNT ADELAIDE A NEEDLE CASE FROM LORA AND SEVERAL LITTLE GIFTS FROM HER YOUNG GUESTS,0,0.4
./dataset/librispeech_3440_171006_0028.wav,"(207360,)",16000,12.96,train.clean.100,3440,171006,3440_171006_0028,I WAS MUCH PLEASED WITH YOUR INTELLIGENT ANSWERS TO MISTER LEE LAST EVENING ELSIE SIGHED AND HER EYES FILLED WITH TEARS IT WAS NOT WHAT SHE WANTED WHAT AN ODD CHILD YOU ARE HE SAID LAUGHING,0,0.4
./dataset/librispeech_3440_171009_0063.wav,"(209200,)",16000,13.075,train.clean.100,3440,171009,3440_171009_0063,AND EVERY FACE BRIGHTENED WITH MIRTH AND EXPECTATION AND WHEN A MOMENT AFTER THE DOORS WERE THROWN OPEN THERE WAS A UNIVERSAL BURST OF APPLAUSE A LARGE CHRISTMAS TREE HAD BEEN SET UP AT THE FURTHER END OF THE ROOM,0,0.4
./dataset/librispeech_3440_171009_0054.wav,"(253280,)",16000,15.83,train.clean.100,3440,171009,3440_171009_0054,AND HE MOVED AWAY THINKING TO HIMSELF HOW STRANGELY THE TEACHINGS OF THAT BOOK SEEM TO PRESERVE MY CHILD FROM EVERY EVIL INFLUENCE A SIGH ESCAPED HIM THERE WAS LURKING WITHIN HIS BREAST A VAGUE CONSCIOUSNESS THAT HER FATHER NEEDED SUCH A SAFEGUARD,0,0.4
./dataset/librispeech_3440_171006_0008.wav,"(264480,)",16000,16.53,train.clean.100,3440,171006,3440_171006_0008,THEY WERE DISCUSSING THE QUESTION WHETHER OR NO A CHANGE OF HEART WERE NECESSARY TO SALVATION THE GENERAL OPINION SEEMED TO BE THAT IT WAS NOT AND ELSIE LISTENED WITH PAIN WHILE HER FATHER EXPRESSED HIS DECIDED CONVICTION THAT ALL WHO LED AN HONEST UPRIGHT MORAL LIFE,0,0.4
./dataset/librispeech_3440_171006_0027.wav,"(225760,)",16000,14.11,train.clean.100,3440,171006,3440_171006_0027,LAID HER HEAD ON HIS BREAST ASKING DEAR PAPA DON'T YOU BELIEVE THE BIBLE CERTAINLY DAUGHTER I AM NOT AN INFIDEL HE REPLIED IN A CARELESS TONE WELL THEN PAPA SHE CONTINUED HALF HESITATINGLY,0,0.4
./dataset/librispeech_3440_171006_0014.wav,"(256000,)",16000,16.0,train.clean.100,3440,171006,3440_171006_0014,AND NOW SINCE YOU CONSIDER THAT CHANGE SO NECESSARY CAN YOU TELL ME HOW IT IS TO BE BROUGHT ABOUT GOD'S HOLY SPIRIT ALONE CAN CHANGE A SINNER'S HEART SIR AND HOW AM I TO SECURE HIS AID HE ASKED ELSIE ANSWERED WITH A TEXT,0,0.4
./dataset/librispeech_3440_171009_0065.wav,"(237520,)",16000,14.845,train.clean.100,3440,171009,3440_171009_0065,MISSUS DINSMORE AND ADELAIDE APPROACHED THE TREE AND BEGAN THE PLEASANT TASK OF DISTRIBUTING THE GIFTS EVERYTHING WAS LABELLED AND EACH AS HIS OR HER NAME WAS CALLED OUT STEPPED FORWARD TO RECEIVE THE PRESENT NO ONE HAD BEEN FORGOTTEN EACH HAD SOMETHING,0,0.4
./dataset/librispeech_460_172357_0000.wav,"(228000,)",16000,14.25,train.clean.100,460,172357,460_172357_0000,I KNOW NO WAY IN WHICH A WRITER MAY MORE FITTINGLY INTRODUCE HIS WORK TO THE PUBLIC THAN BY GIVING A BRIEF ACCOUNT OF WHO AND WHAT HE IS BY THIS MEANS SOME OF THE BLAME FOR WHAT HE HAS DONE IS VERY PROPERLY SHIFTED TO THE EXTENUATING CIRCUMSTANCES OF HIS LIFE,0,0.4
./dataset/librispeech_3440_171009_0072.wav,"(242480,)",16000,15.155,train.clean.100,3440,171009,3440_171009_0072,STILL YOU HAVE NOT ANSWERED MY QUESTION HE SAID WITH A SMILE AS HE SAT DOWN AND DREW HER TO HIS SIDE ADDING IN A PLAYFUL TONE COME I AM NOT GOING TO PUT UP WITH ANY EVASION TELL ME TRULY IF YOU WOULD HAVE PREFERRED SOMETHING ELSE,0,0.4
./dataset/librispeech_460_172357_0001.wav,"(194480,)",16000,12.155,train.clean.100,460,172357,460_172357_0001,MY PARENTS MIGRATED TO CANADA IN EIGHTEEN SEVENTY SIX AND I DECIDED TO GO WITH THEM MY FATHER TOOK UP A FARM NEAR LAKE SIMCOE IN ONTARIO THIS WAS DURING THE HARD TIMES OF CANADIAN FARMING,0,0.4
./dataset/librispeech_460_172357_0011.wav,"(241120,)",16000,15.07,train.clean.100,460,172357,460_172357_0011,AN ABILITY TO THINK AND WHAT IS STILL BETTER TO STOP THINKING ALTOGETHER FOR MONTHS AT A TIME I HAVE WRITTEN A NUMBER OF THINGS IN CONNECTION WITH MY COLLEGE LIFE A BOOK ON POLITICAL SCIENCE AND MANY ESSAYS MAGAZINE ARTICLES AND SO ON,0,0.4
./dataset/librispeech_3440_171009_0056.wav,"(184000,)",16000,11.5,train.clean.100,3440,171009,3440_171009_0056,HOW PRETTY SHE LOOKS AND THERE'S THAT MISS STEVENS COMING OUT NOW HATEFUL THING I CAN'T BEAR HER COME ELSIE AND CARRY AND SHE RAN OUT CAROLINE AND ELSIE FOLLOWING,0,0.4
./dataset/librispeech_3440_171006_0021.wav,"(229440,)",16000,14.34,train.clean.100,3440,171006,3440_171006_0021,WHISPERED ELSIE WHO HAD A GREAT DREAD OF MISSUS DINSMORE'S ANGER VERY WELL THEN YOU MAY DO AS YOU LIKE HE REPLIED GIVING HER A GOOD NIGHT KISS AND WITH A GRACEFUL GOOD NIGHT TO THE COMPANY THE LITTLE GIRL LEFT THE ROOM,0,0.4
./dataset/librispeech_460_172357_0010.wav,"(234800,)",16000,14.675,train.clean.100,460,172357,460_172357_0010,WHILE I AM ABLE TO MIX WITH THE POORER OF THE BUSINESS MEN OF THE CITY ON TERMS OF SOMETHING LIKE EQUALITY IN POINT OF LEISURE I ENJOY MORE IN THE FOUR CORNERS OF A SINGLE YEAR THAN A BUSINESS MAN KNOWS IN HIS WHOLE LIFE I THUS HAVE WHAT THE BUSINESS MAN CAN NEVER ENJOY,0,0.4
./dataset/librispeech_3440_171006_0006.wav,"(247600,)",16000,15.475,train.clean.100,3440,171006,3440_171006_0006,IT WAS BECAUSE HE CONSIDERED IT PROPER AND RESPECTABLE TO DO SO AND NOT THAT HE CARED TO WORSHIP GOD OR TO LEARN HIS WILL THIS CONVICTION WHICH HAD GRADUALLY DAWNED UPON ELSIE UNTIL NOW IT AMOUNTED TO CERTAINTY CAUSED HER GREAT GRIEF,0,0.4
./dataset/librispeech_3440_171009_0048.wav,"(227440,)",16000,14.215,train.clean.100,3440,171009,3440_171009_0048,AS I CANNOT SEE THAT ELSIE BEARS THE SLIGHTEST RESEMBLANCE TO ME OR ANY OF MY FAMILY SHE IS VERY LIKE HER MOTHER THOUGH HE ADDED WITH A HALF SIGH AND A TENDER LOVING GLANCE AT HIS LITTLE GIRL AND THAT IS JUST WHAT I WOULD HAVE HER,0,0.4
./dataset/librispeech_3440_171006_0017.wav,"(252400,)",16000,15.775,train.clean.100,3440,171006,3440_171006_0017,WITH MEEKNESS AND FEAR THEN RAISING HER EYES TO HIS FACE WITH A TOUCHING MIXTURE OF DEEP HUMILITY AND HOLY BOLDNESS SHE CONTINUED AND THIS SIR IS MY ANSWER JESUS SAYS HIM THAT COMETH UNTO ME I WILL IN NO WISE CAST OUT,0,0.4
./dataset/librispeech_460_172357_0009.wav,"(176160,)",16000,11.01,train.clean.100,460,172357,460_172357_0009,I AM ABLE TO REGARD MYSELF AS SINGULARLY FORTUNATE THE EMOLUMENT IS SO HIGH AS TO PLACE ME DISTINCTLY ABOVE THE POLICEMEN POSTMEN STREET CAR CONDUCTORS AND OTHER SALARIED OFFICIALS OF THE NEIGHBOURHOOD,0,0.4
./dataset/librispeech_3440_171009_0058.wav,"(213440,)",16000,13.34,train.clean.100,3440,171009,3440_171009_0058,NO LUCY I MUST OBEY MY FATHER ELSIE ANSWERED IN A VERY PLEASANT BUT NO LESS DECIDED TONE SOME ONE CAUGHT HER ROUND THE WAIST AND LIFTED HER UP OH PAPA SHE EXCLAIMED I DID NOT KNOW YOU WERE THERE,0,0.4
./dataset/librispeech_3440_171009_0076.wav,"(231120,)",16000,14.445,train.clean.100,3440,171009,3440_171009_0076,DO YOU LIKE IT PAPA SHE ASKED HER FACE GLOWING WITH DELIGHT TO SEE HOW PLEASED HE WAS YES DARLING VERY MUCH AND I SHALL ALWAYS THINK OF MY LITTLE GIRL WHEN I USE IT KEEP IT IN YOUR POCKET AND USE IT EVERY DAY WON'T YOU PAPA,0,0.4
./dataset/librispeech_3440_171009_0053.wav,"(230960,)",16000,14.435,train.clean.100,3440,171009,3440_171009_0053,FAVOR IS DECEITFUL AND BEAUTY IS VAIN AND IN ANOTHER PLACE HE THAT FLATTERETH HIS NEIGHBOR SPREADETH A NET FOR HIS FEET SO I WILL TRY TO KEEP AWAY FROM THAT LADY SHALL I NOT PAPA WHENEVER YOU CAN DO SO WITHOUT RUDENESS DAUGHTER,0,0.4
./dataset/librispeech_3440_171009_0082.wav,"(116560,)",16000,7.285,train.clean.100,3440,171009,3440_171009_0082,THAT ELSIE WAS VERY MUCH SURPRISED WHEN HER FATHER CALLED HER TO GO TO BED IS IT HALF PAST NINE ALREADY PAPA SHE ASKED,0,0.4
./dataset/librispeech_3440_171006_0026.wav,"(218080,)",16000,13.63,train.clean.100,3440,171006,3440_171006_0026,IT IS ALWAYS NEW AND I DO LOVE IT SO IT IS SO VERY SWEET MAY I READ A LITTLE TO YOU SHE ADDED COAXINGLY YES I LOVE TO LISTEN TO ANYTHING READ BY MY DARLING HE SAID SITTING DOWN AND TAKING HER ON HIS KNEE,0,0.4
./dataset/librispeech_3440_171009_0062.wav,"(60240,)",16000,3.765,train.clean.100,3440,171009,3440_171009_0062,THAT THEIR CURIOSITY WAS NOW ON THE POINT OF BEING GRATIFIED,0,0.4
./dataset/librispeech_460_172357_0017.wav,"(144720,)",16000,9.045,train.clean.100,460,172357,460_172357_0017,BUT TO WRITE SOMETHING OUT OF ONE'S OWN MIND WORTH READING FOR ITS OWN SAKE IS AN ARDUOUS CONTRIVANCE ONLY TO BE ACHIEVED IN FORTUNATE MOMENTS FEW AND FAR BETWEEN,0,0.4
./dataset/librispeech_3440_171006_0023.wav,"(193440,)",16000,12.09,train.clean.100,3440,171006,3440_171006_0023,YES REMARKED TRAVILLA A TEXT HAS BEEN RUNNING IN MY HEAD EVER SINCE YOU COMMENCED YOUR CONVERSATION SOMETHING ABOUT THESE THINGS BEING HID FROM THE WISE AND PRUDENT AND REVEALED UNTO BABES AND HE ADDED,0,0.4
./dataset/librispeech_460_172357_0012.wav,"(232720,)",16000,14.545,train.clean.100,460,172357,460_172357_0012,A FEW YEARS AGO I WENT ALL ROUND THE BRITISH EMPIRE DELIVERING ADDRESSES ON IMPERIAL ORGANIZATION WHEN I STATE THAT THESE LECTURES WERE FOLLOWED ALMOST IMMEDIATELY BY THE UNION OF SOUTH AFRICA THE BANANA RIOTS IN TRINIDAD AND THE TURCO ITALIAN WAR,0,0.4
./dataset/librispeech_460_172357_0016.wav,"(189200,)",16000,11.825,train.clean.100,460,172357,460_172357_0016,MANY OF MY FRIENDS ARE UNDER THE IMPRESSION THAT I WRITE THESE HUMOROUS NOTHINGS IN IDLE MOMENTS WHEN THE WEARIED BRAIN IS UNABLE TO PERFORM THE SERIOUS LABOURS OF THE ECONOMIST MY OWN EXPERIENCE IS EXACTLY THE OTHER WAY,0,0.4
./dataset/librispeech_3440_171009_0078.wav,"(247200,)",16000,15.45,train.clean.100,3440,171009,3440_171009_0078,NOT TO NIGHT TO MORROW AFTER BREAKFAST YOU MAY EAT THE CREAM CANDY AND THE ROCK BUT NONE OF THE OTHERS THEY ARE COLORED AND VERY UNWHOLESOME WON'T YOU EAT SOME PAPA SHE ASKED WITH WINNING SWEETNESS NO DEAREST HE SAID,0,0.4
./dataset/librispeech_3440_171006_0025.wav,"(243920,)",16000,15.245,train.clean.100,3440,171006,3440_171006_0025,SHE ASKED RAISING HER HEAD TO GIVE HIM A SMILE OF JOYFUL WELCOME I DID NOT KNOW YOU WERE THERE AH I HAVE BEEN WATCHING YOU FOR SEVERAL MINUTES HE SAID ALWAYS PORING OVER THE SAME BOOK ELSIE DO YOU NEVER TIRE OF IT NO INDEED PAPA,0,0.4
./dataset/librispeech_4263_16187_0022.wav,"(213920,)",16000,13.37,train.other.500,4263,16187,4263_16187_0022,EACH BRINGING AN ADVANCING CRESCENDO OF WORK BUT OH THE HAPPY DAYS FOR BETTY LIVED IN A WORLD ALL HER OWN WHEREIN HER PLAY WAS AS REAL AS HER WORK AND LABOR WAS TURNED BY HER IMAGINATIVE LITTLE MIND INTO NEW FORMS OF PLAY,0,0.4
./dataset/librispeech_4263_20411_0017.wav,"(114400,)",16000,7.15,train.other.500,4263,20411,4263_20411_0017,KEEP YOU HANGING ABOUT TO GIVE EVIDENCE STILL YOU ARE QUITE RIGHT WE CAN'T STAND BY AND SEE THE POOR DEVIL POISONED WITHOUT MAKING SOME EFFORT,0,0.4
./dataset/librispeech_4263_20411_0011.wav,"(164560,)",16000,10.285,train.other.500,4263,20411,4263_20411_0011,BY THE WAY YOU ARE NOT ANXIOUS TO BE OFF I SUPPOSE AS A MATTER OF FACT I WAS FOR I HAD DECIDED TO ACCEPT THORNDYKE'S OFFER AND WAS NOW EAGER TO TAKE UP MY DUTIES WITH HIM,0,0.4
./dataset/librispeech_4263_20411_0000.wav,"(35840,)",16000,2.24,train.other.500,4263,20411,4263_20411_0000,WEISS WOULD CALL IN SOME OTHER DOCTOR,0,0.4
./dataset/librispeech_4263_20411_0032.wav,"(35360,)",16000,2.21,train.other.500,4263,20411,4263_20411_0032,BUT YOU OVERRATE OUR POWERS,0,0.4
./dataset/librispeech_4263_20411_0021.wav,"(76160,)",16000,4.76,train.other.500,4263,20411,4263_20411_0021,THE SUGGESTION MET MY VIEWS EXACTLY AS SOON AS WE HAD FINISHED TEA WE SET FORTH,0,0.4
./dataset/librispeech_4263_20411_0029.wav,"(189280,)",16000,11.83,train.other.500,4263,20411,4263_20411_0029,IT SEEMS A PITY NOT TO TAKE SOME MEASURES I SAID WHILE YOU ARE WAITING TO HEAR SOMETHING FURTHER THEY MAY GIVE THE POOR WRETCH A FRESH DOSE AND KILL HIM IN WHICH CASE WE SHOULD HEAR SOMETHING FURTHER,0,0.4
./dataset/librispeech_4263_20411_0013.wav,"(206400,)",16000,12.9,train.other.500,4263,20411,4263_20411_0013,THERE WERE ONE OR TWO UNUSUAL CASES ON THE LIST AND AS WE MARKED OFF OUR RESPECTIVE PATIENTS I GAVE HIM THE HISTORIES IN BRIEF SYNOPSIS AND THEN I OPENED THE SUBJECT OF MY MYSTERIOUS EXPERIENCES AT THE HOUSE OF MISTER WEISS,0,0.4
./dataset/librispeech_4263_16187_0028.wav,"(43200,)",16000,2.7,train.other.500,4263,16187,4263_16187_0028,AND HID HER FACE ON THEM WHILE SHE REPENTED VERY HARD,0,0.4
./dataset/librispeech_4263_20411_0035.wav,"(251440,)",16000,15.715,train.other.500,4263,20411,4263_20411_0035,SUSPICION ISN'T EVIDENCE WE SHOULD WANT YOU TO SWEAR AN INFORMATION AND GIVE US ENOUGH FACTS TO MAKE OUT A PRIMA FACIE CASE AGAINST SOME DEFINITE PERSON AND YOU COULDN'T DO IT YOUR INFORMATION AMOUNTS TO THIS THAT A CERTAIN PERSON HAS TAKEN A POISONOUS DOSE OF MORPHINE AND APPARENTLY RECOVERED THAT'S ALL,0,0.4
./dataset/librispeech_4263_20411_0005.wav,"(221440,)",16000,13.84,train.other.500,4263,20411,4263_20411_0005,MEMBERS OF A CERTAIN BENEFIT CLUB WHICH ACCOUNTED FOR THE REMARKABLE SUDDENNESS OF THE OUTBREAK OF COURSE MY CONTEMPLATED VISIT TO THORNDYKE WAS OUT OF THE QUESTION I SHOULD HAVE TO ACT ON MY OWN RESPONSIBILITY BUT,0,0.4
./dataset/librispeech_4263_20411_0027.wav,"(70880,)",16000,4.43,train.other.500,4263,20411,4263_20411_0027,BUT I THINK THAT IS ALL WE CAN DO UNLESS WE HEAR SOMETHING FURTHER BUT,0,0.4
./dataset/librispeech_4263_20411_0015.wav,"(228720,)",16000,14.295,train.other.500,4263,20411,4263_20411_0015,STILLBURY'S FACE CLEARED INSTANTLY OH I'M GLAD IT'S NOTHING MORE THAN THAT HE SAID WITH AN AIR OF RELIEF I WAS AFRAID IT WAS SOME CONFOUNDED WOMAN THERE'S ALWAYS THAT DANGER YOU KNOW WHEN A LOCUM IS YOUNG AND HAPPENS IF I MAY SAY SO JERVIS TO BE A GOOD LOOKING FELLOW,0,0.4
./dataset/librispeech_4263_20411_0030.wav,"(151120,)",16000,9.445,train.other.500,4263,20411,4263_20411_0030,I QUITE AGREE WITH YOU SIR BUT WE'VE NO EVIDENCE THAT HE IS GOING TO DIE HIS FRIENDS SENT FOR YOU AND YOU TREATED HIM SKILFULLY AND LEFT HIM IN A FAIR WAY TO RECOVERY,0,0.4
./dataset/librispeech_4263_20411_0014.wav,"(236640,)",16000,14.79,train.other.500,4263,20411,4263_20411_0014,THERE'S ANOTHER AFFAIR THAT I WANT TO TELL YOU ABOUT RATHER AN UNPLEASANT BUSINESS OH DEAR EXCLAIMED STILLBURY HE PUT DOWN HIS CUP AND REGARDED ME WITH QUITE PAINFUL ANXIETY IT LOOKS TO ME LIKE AN UNDOUBTED CASE OF CRIMINAL POISONING I CONTINUED,0,0.4
./dataset/librispeech_4263_20411_0018.wav,"(47440,)",16000,2.965,train.other.500,4263,20411,4263_20411_0018,DON'T YOU REALLY NO I DON'T,0,0.4
./dataset/librispeech_4263_20411_0004.wav,"(77760,)",16000,4.86,train.other.500,4263,20411,4263_20411_0004,AN EPIDEMIC OF INFLUENZA HAD DESCENDED ON THE NEIGHBOURHOOD AND I WAS GETTING NOT ONLY,0,0.4
./dataset/librispeech_4263_16187_0024.wav,"(82880,)",16000,5.18,train.other.500,4263,16187,4263_16187_0024,MADE HER WISH WITH ALL THE INTENSITY OF HER SENSITIVE SOUL THAT SHE MIGHT CONFESS TO SOME ONE WHAT SHE HAD DONE,0,0.4
./dataset/librispeech_4263_20411_0020.wav,"(158880,)",16000,9.93,train.other.500,4263,20411,4263_20411_0020,THERE OUGHT NOT TO BE ANY DELAY SAID I THERE NEEDN'T BE I SHALL LOOK IN ON MISSUS WACKFORD AND YOU HAVE TO SEE THE RUMMEL CHILDREN WE SHALL PASS THE STATION ON OUR WAY,0,0.4
./dataset/librispeech_4263_20411_0001.wav,"(239040,)",16000,14.94,train.other.500,4263,20411,4263_20411_0001,THIS WAS MY VIEW BUT I MEANT TO HAVE THORNDYKE'S OPINION AND ACT UNDER HIS DIRECTION BUT THE BEST LAID PLANS OF MICE AND MEN GANG AFT AGLEY WHEN I CAME DOWNSTAIRS AND TOOK A PRELIMINARY GLANCE AT THE ROUGH MEMORANDUM BOOK KEPT BY THE BOTTLE BOY,0,0.4
